overture_building_or_part_id,overture_parent_building_id,centroid_lon,centroid_lat,height,base_height,height_above_ground
720a6565-ac18-41dd-8131-bc6f82d70150,N/A,-0.1283677216356568,51.498550536153125,17.5,0.0,17.5
9c7db395-b839-48af-84c1-4aed6fea272d,N/A,-0.12821528914632727,51.498621811497905,14.0,0.0,14.0
016f1dd6-b2f6-48db-b2ae-76c0d75b594c,N/A,-0.1279090059798168,51.49863354788438,14.0,0.0,14.0
daee3f32-db50-4af8-a908-10cd5d87f107,N/A,-0.12793777748698715,51.49884052210753,14.0,0.0,14.0
db4974d2-2ee3-406e-a6b9-389ff2700354,N/A,-0.12808523534059513,51.49888657594525,21.0,0.0,21.0
706ddfe4-f505-4be5-80e2-8784ac2c661d,N/A,-0.1281758517971133,51.498802253471226,14.0,0.0,14.0
78cf8a37-d0e8-4d7d-ad90-716225f72463,N/A,-0.12815762055857938,51.49869789524228,14.0,0.0,14.0
c599352c-751f-4c62-bd10-65ad4f62ab50,N/A,-0.12829364370656476,51.49873846070211,14.0,0.0,14.0
64e6fdbf-e36d-421e-a288-8a4d8dd97bb6,N/A,-0.1282294282982576,51.49889605879565,14.0,0.0,14.0
bf8a5484-158e-4767-a45f-e81ce6a26de5,N/A,-0.128376650663257,51.498900758488375,17.5,0.0,17.5
1c5e3c62-0f6b-4f21-bcbd-49978ed94bdb,N/A,-0.12836996298107545,51.49866540507222,14.0,0.0,14.0
15395544-6e9c-4e89-af7a-8ab0546a978b,N/A,-0.12832101230308415,51.49898156063807,10.5,0.0,10.5
2a6c4765-f0bc-4222-89c1-fccd2edbeaf7,N/A,-0.12582509185035304,51.49984788590844,17.5,0.0,17.5
2177f09e-cd28-4502-a349-d254a783adb2,N/A,-0.12734092553316384,51.498974408552186,21.0,0.0,21.0
74654664-3d85-4a8a-bf98-7ddf7e0684a8,N/A,-0.12690986927037545,51.498459946813384,14.0,0.0,14.0
de350cab-43c2-4b89-b1c9-1cbfb8260397,N/A,-0.12702215531572783,51.49868838025463,10.5,0.0,10.5
bdbd0a52-d42d-4cd5-a2ba-530f014a3218,N/A,-0.12667996716712757,51.49846633216035,17.5,0.0,17.5
97a6b8ad-6852-46c6-b92e-3a312c683d7b,N/A,-0.12702371664863982,51.49850439355727,21.0,0.0,21.0
27c63c0f-b8b0-4b87-b152-5209e6df0de3,N/A,-0.12745909309288317,51.49868446413421,14.0,0.0,14.0
87b1b17b-220b-44e6-aa13-badfcf6cc261,N/A,-0.12755912429503088,51.4988612605699,10.5,0.0,10.5
440a8aea-19cb-4af2-a61d-1f63098e70f9,N/A,-0.1279066429160435,51.49872755925775,14.0,0.0,14.0
846719aa-7371-4e72-bf6c-b2ee82497aae,N/A,-0.12766761751140912,51.49864231259388,14.0,0.0,14.0
20b78235-c7d6-4bfc-877f-81bb760240bd,N/A,-0.1275505599015202,51.498481373998175,10.5,0.0,10.5
308010c4-ac08-4255-90f6-34c5966c7ec1,N/A,-0.12750123149403222,51.49840991595777,17.5,0.0,17.5
ca319257-efe5-4910-b352-1e508e97b50e,N/A,-0.12820868929208404,51.501038453509956,14.0,0.0,14.0
14f1b736-a152-4681-b273-ca181b362e80,N/A,-0.12769227734620164,51.49962419275043,3.5,0.0,3.5
b8b0e3d0-3dfb-4849-965f-0524fc78e3fc,N/A,-0.12640409139157527,51.498455071742235,10.5,0.0,10.5
3d582c99-5118-472d-9c96-38a30e96545b,N/A,-0.12620609063840793,51.498611769970765,14.0,0.0,14.0
96c6dd42-6f60-4953-a4fa-e3c432a4fcd6,N/A,-0.1257693541082066,51.500763627709354,1.0,0.0,1.0
d5c9b743-8557-4875-857e-96e36876c60f,N/A,-0.12787094058186413,51.499033353022455,7.0,0.0,7.0
fbdde6d3-481d-3a83-ac1a-21d4d44b5e07,a8c1c69a-287d-45e7-9055-bca4ca2b3536,-0.12800096332783706,51.501091009602995,3.5,0.0,3.5
0dc628f1-1c35-322e-83b5-996e826f87ca,2f8b9151-ea18-4006-9b13-e601617dd421,-0.12585519840649081,51.501145431022636,24.5,0.0,24.5
51845c7c-b092-38ad-a6be-d298826c29cb,2f8b9151-ea18-4006-9b13-e601617dd421,-0.12579513383872262,51.501180156301935,17.5,0.0,17.5
818c2154-3a64-36f5-af0f-4c97207ad4f7,dc05e745-7fc3-4c57-bb0e-8cbf532893e3,-0.12814369931293304,51.50050172447532,10.5,0.0,10.5
0af2c726-44c2-3d71-b780-85e8d82f6b3a,dc05e745-7fc3-4c57-bb0e-8cbf532893e3,-0.12811769840777718,51.500286200671326,14.0,0.0,14.0
d3545b2e-a5bc-3327-a9dc-685b9fdfcec7,6dd3c675-d956-429d-baad-4b7958745bea,-0.12488628284494578,51.501070229548084,5.0,4.8,9.8
a7335a8f-2bec-396a-ad79-533c748a93a0,6dd3c675-d956-429d-baad-4b7958745bea,-0.12437879999354552,51.50109420000259,30.0,0.0,30.0
aecc6137-a3a5-3600-940a-1ee604ee4cc2,6dd3c675-d956-429d-baad-4b7958745bea,-0.12488148805515492,51.501110206472404,30.0,0.0,30.0
c2a76d8c-95b7-3ab9-9ed9-243c68c409e7,6dd3c675-d956-429d-baad-4b7958745bea,-0.1253834000061098,51.50112333333609,30.0,0.0,30.0
93724adf-70d9-36de-bfc5-21ef77efa38e,6dd3c675-d956-429d-baad-4b7958745bea,-0.12486534761529838,51.50132626378385,24.0,0.0,24.0
2bc70713-4a5f-362a-8164-db75d3fc742f,6dd3c675-d956-429d-baad-4b7958745bea,-0.12436330619391196,51.501310588609506,30.0,0.0,30.0
8957ee68-3935-3fd4-8518-80dd36cb9407,e8b13135-30b4-49d6-944f-0dca6cd2cd6d,-0.12448375249109556,51.50065622641361,62.0,0.0,62.0
d0c5adc2-b6a2-3f99-8ddb-73addc159829,e8b13135-30b4-49d6-944f-0dca6cd2cd6d,-0.12450081021772096,51.5006467043011,20.0,0.0,20.0
3720dbf9-b243-3362-aa45-61970403ac4d,e8b13135-30b4-49d6-944f-0dca6cd2cd6d,-0.12448250735328406,51.50066353186518,56.3,0.0,56.3
bef259e7-44bf-3693-84fc-904bbee13dac,e8b13135-30b4-49d6-944f-0dca6cd2cd6d,-0.12447998127065525,51.500677515845844,53.4,0.0,53.4
1e6021bf-5c4b-3ba2-97b7-dccceef5bec9,e8b13135-30b4-49d6-944f-0dca6cd2cd6d,-0.12447877091815446,51.50069407154188,60.6,0.0,60.6
a3ddaa98-8ed6-3f05-a4da-cb1721d498db,e8b13135-30b4-49d6-944f-0dca6cd2cd6d,-0.12447709555355656,51.500693713467186,59.5,0.0,59.5
9e0ab312-bc91-36b9-80cd-b5a9f9325d9c,e8b13135-30b4-49d6-944f-0dca6cd2cd6d,-0.12447760338815447,51.50069359970104,57.5,0.0,57.5
11599a1e-72d9-3e53-8db6-d3991ffa068e,e8b13135-30b4-49d6-944f-0dca6cd2cd6d,-0.1244770679369883,51.500693672858866,52.5,0.0,52.5
c6a1bedc-e7b2-3e60-a3c1-1ac69596f9fd,e8b13135-30b4-49d6-944f-0dca6cd2cd6d,-0.12447759999999465,51.50069365000001,56.8,0.0,56.8
54bd7873-2e13-383a-be2d-ca232a173462,e8b13135-30b4-49d6-944f-0dca6cd2cd6d,-0.1245735500081136,51.50070064999007,70.1,0.0,70.1
342b815b-d44b-34e2-9d4c-7008fab0c3e9,e8b13135-30b4-49d6-944f-0dca6cd2cd6d,-0.12458910001177659,51.50070164998562,67.7,0.0,67.7
8ac593da-1d05-3662-af98-0a251b5c3cef,e8b13135-30b4-49d6-944f-0dca6cd2cd6d,-0.12457280000316685,51.50070100001153,3.0,0.0,3.0
031fd4f8-0f23-3f35-90f2-9becb1c340ec,e8b13135-30b4-49d6-944f-0dca6cd2cd6d,-0.12452594595276326,51.50069735018545,67.7,0.0,67.7
63b9f999-588e-3ebf-b046-3568e4b4aee8,e8b13135-30b4-49d6-944f-0dca6cd2cd6d,-0.12457358689156545,51.50070062316822,91.0,0.0,91.0
18c0d454-e245-3da0-9e5b-c9efdc4f0dc2,e8b13135-30b4-49d6-944f-0dca6cd2cd6d,-0.1245736231756529,51.50070065506614,82.0,0.0,82.0
db07dce4-72c5-3b66-84b7-3cc77b6c366a,5ee0a505-c938-45d6-9908-67aa4eefcb53,-0.12467181248185552,51.50069108071287,53.4,0.0,53.4
9a0cbaa2-5293-3aec-974b-fd1b3bf12bd9,e8b13135-30b4-49d6-944f-0dca6cd2cd6d,-0.12467179261042574,51.50069474277509,56.125,0.0,56.125
05ae90eb-9a5e-3f46-8c7b-c78ebecfa07c,e8b13135-30b4-49d6-944f-0dca6cd2cd6d,-0.12457493894240103,51.500691047985796,67.7,0.0,67.7
82b69da5-c937-3cef-b758-42cf56ed0c95,e8b13135-30b4-49d6-944f-0dca6cd2cd6d,-0.12457729588342688,51.50068199811846,70.1,0.0,70.1
f089117f-39e9-38b3-917f-82b3e7d329c9,e8b13135-30b4-49d6-944f-0dca6cd2cd6d,-0.12457891080977339,51.50067290072442,67.7,0.0,67.7
81ce3c3f-4412-3967-acec-b1bffb9096db,e8b13135-30b4-49d6-944f-0dca6cd2cd6d,-0.12467580890336645,51.50066972043233,62.0,0.0,62.0
6c378ae0-d4a7-3fa4-9f12-b0cb00838947,e8b13135-30b4-49d6-944f-0dca6cd2cd6d,-0.1246742987672015,51.50067711935852,56.3,0.0,56.3
2ed53005-8163-3025-9177-37fbd742bc12,5ee0a505-c938-45d6-9908-67aa4eefcb53,-0.12472482740105953,51.500671217432355,6.0,0.0,6.0
f2a5211e-e611-350e-8ca3-93cfe2d02b84,e8b13135-30b4-49d6-944f-0dca6cd2cd6d,-0.12466085506175738,51.50065843529673,20.0,0.0,20.0
05357057-bd6a-3732-89b7-fc6d1adaaf8d,e8b13135-30b4-49d6-944f-0dca6cd2cd6d,-0.12466994510925476,51.50065057752822,6.0,0.0,6.0
629f3d3d-3ec8-39a0-a837-4f9ffbb0b9bd,e8b13135-30b4-49d6-944f-0dca6cd2cd6d,-0.12467755000000053,51.50064865000001,63.0,0.0,63.0
05062776-2164-3d49-8710-a24aeeda18a4,358eb2c0-fa53-4607-a2cb-c2c4ba4e60a9,-0.12463288075358495,51.50064424954813,56.3,0.0,56.3
5709519a-08c4-33df-9081-11a799919b45,e8b13135-30b4-49d6-944f-0dca6cd2cd6d,-0.12464475416295938,51.50064492856298,62.0,0.0,62.0
b1f86093-69ec-31bc-bb8f-452800903cbd,e8b13135-30b4-49d6-944f-0dca6cd2cd6d,-0.12455858246045674,51.50063906917861,53.4,0.0,53.4
3f5748aa-a468-3278-b265-6f62f4451478,e8b13135-30b4-49d6-944f-0dca6cd2cd6d,-0.12458452334194972,51.50064085624461,56.8,0.0,56.8
7b8f604d-3cc7-3254-9b5b-8177a6b02a53,e8b13135-30b4-49d6-944f-0dca6cd2cd6d,-0.12458173621752897,51.500645799448044,24.0,0.0,24.0
db07e7c9-24ba-329c-86ae-f42d810341f3,358eb2c0-fa53-4607-a2cb-c2c4ba4e60a9,-0.12458460241419356,51.50064088225231,52.5,0.0,52.5
d45760a5-2d7a-3a1e-b406-9f7e7971e3b2,e8b13135-30b4-49d6-944f-0dca6cd2cd6d,-0.12458449999522762,51.50064085001065,59.5,0.0,59.5
cbfcc473-c8ad-3c6e-a472-4eb4478e01b3,e8b13135-30b4-49d6-944f-0dca6cd2cd6d,-0.1245845220110148,51.50064082799312,57.5,0.0,57.5
971f3c10-0d37-38a5-8232-fdfa4e5381d8,e8b13135-30b4-49d6-944f-0dca6cd2cd6d,-0.12456440013650169,51.50063946361503,56.125,0.0,56.125
bf7d8cad-078d-34b3-97c8-713323aeb2f0,358eb2c0-fa53-4607-a2cb-c2c4ba4e60a9,-0.12453609999977988,51.50063750000047,56.3,0.0,56.3
fb9284a5-bf59-3612-a1dc-d15a369d9825,358eb2c0-fa53-4607-a2cb-c2c4ba4e60a9,-0.12452455416296071,51.50063672856296,62.0,0.0,62.0
5e5aad1e-7d8b-3a55-bc8a-fba51a55e6fd,e8b13135-30b4-49d6-944f-0dca6cd2cd6d,-0.12458465069857902,51.50064214246517,60.6,0.0,60.6
738e0576-63c8-323d-b448-8440562c5c21,e8b13135-30b4-49d6-944f-0dca6cd2cd6d,-0.12461023219905573,51.50064266919559,53.4,0.0,53.4
c063ca54-7408-385a-af38-5b33a9143d56,5ee0a505-c938-45d6-9908-67aa4eefcb53,-0.12472438043773042,51.50061582325429,6.0,0.0,6.0
8cc0a7f5-4ce3-3aba-a302-589e93883614,5ee0a505-c938-45d6-9908-67aa4eefcb53,-0.12470857626615865,51.5006355610218,6.0,5.0,11.0
7c3195b3-dae0-32a8-b283-7ac1d81da33f,5ee0a505-c938-45d6-9908-67aa4eefcb53,-0.12471590655971963,51.50059497745258,6.0,0.0,6.0
ee518a3f-d013-372a-b1e8-5e51f67ca533,5ee0a505-c938-45d6-9908-67aa4eefcb53,-0.12466739406527659,51.50061168247615,25.5,0.0,25.5
3c3b9506-dd0a-34a6-84e2-0eecfee06bb1,358eb2c0-fa53-4607-a2cb-c2c4ba4e60a9,-0.1245123297048051,51.50060176949375,25.5,0.0,25.5
d779973e-5e93-3389-8e75-0fcc8fa45136,358eb2c0-fa53-4607-a2cb-c2c4ba4e60a9,-0.12455677321256595,51.50059522171471,24.0,0.0,24.0
cce942b1-d617-38d7-bd06-1e48c79a9458,e8b13135-30b4-49d6-944f-0dca6cd2cd6d,-0.12448975986171801,51.50063612812956,63.0,0.0,63.0
d403cf60-84ea-3303-b612-52a0ef06f085,358eb2c0-fa53-4607-a2cb-c2c4ba4e60a9,-0.12447453731304027,51.50057104944243,25.5,0.0,25.5
f367b70a-d5ed-369f-9de8-e870574b962e,358eb2c0-fa53-4607-a2cb-c2c4ba4e60a9,-0.12439561721477727,51.50056535946126,25.5,0.0,25.5
7f2e7d4e-c269-38aa-be48-b34f7d87976b,358eb2c0-fa53-4607-a2cb-c2c4ba4e60a9,-0.12423443049530364,51.500554412069874,25.5,0.0,25.5
a4d7e2f3-9b0b-3ac0-9862-dce176bbb89a,358eb2c0-fa53-4607-a2cb-c2c4ba4e60a9,-0.12431497790303306,51.500559666752345,25.5,0.0,25.5
50fa7f0a-f406-3d01-a1a0-21ff5a463ec4,358eb2c0-fa53-4607-a2cb-c2c4ba4e60a9,-0.12415211310970702,51.5005487836688,25.5,0.0,25.5
f3faf7d9-3012-327d-b86e-83ae215b8651,358eb2c0-fa53-4607-a2cb-c2c4ba4e60a9,-0.12407425231342473,51.50054335482111,25.5,0.0,25.5
90d47582-316b-36e9-9cbf-1c8eae5edfa6,358eb2c0-fa53-4607-a2cb-c2c4ba4e60a9,-0.12399708432576843,51.500537873539145,25.5,0.0,25.5
98555b9d-bdd9-3a0e-85a0-dfdeafe35644,358eb2c0-fa53-4607-a2cb-c2c4ba4e60a9,-0.12391327740927688,51.50053184367164,25.5,0.0,25.5
d716b51a-1467-387d-b0f1-76c725fe659f,358eb2c0-fa53-4607-a2cb-c2c4ba4e60a9,-0.12418548891685463,51.50051012858353,24.0,0.0,24.0
4956c3df-3a62-3365-83d6-4f45ca94396e,5ee0a505-c938-45d6-9908-67aa4eefcb53,-0.12473143271150018,51.500510655081065,6.0,0.0,6.0
9ae7b44a-40e7-33ba-9b84-a7509ad1ed71,5ee0a505-c938-45d6-9908-67aa4eefcb53,-0.12474660813416319,51.50049083239928,6.0,0.0,6.0
44ba266a-10c1-3cd0-9e84-c5220bca5f6c,5ee0a505-c938-45d6-9908-67aa4eefcb53,-0.12468997305401885,51.50048602633308,25.5,0.0,25.5
2427ff2d-8996-3edf-a033-1f39252f74d7,358eb2c0-fa53-4607-a2cb-c2c4ba4e60a9,-0.12452623517038264,51.50047155179763,5.0,0.0,5.0
e7084e76-03f7-3d1d-a207-ff92700a3b2f,5ee0a505-c938-45d6-9908-67aa4eefcb53,-0.12473944708835699,51.500468413175824,6.0,5.0,11.0
7fac52b3-b66d-3012-a6b8-4a19a8c93eab,5ee0a505-c938-45d6-9908-67aa4eefcb53,-0.12473882487262958,51.500532472095536,6.0,0.0,6.0
40995afc-be8c-313e-ac5d-834c35cd4153,5ee0a505-c938-45d6-9908-67aa4eefcb53,-0.12468240631658047,51.50052811056324,25.5,0.0,25.5
ffdb92e0-6658-3fb2-a703-c1f2f78ff24c,358eb2c0-fa53-4607-a2cb-c2c4ba4e60a9,-0.12463907793585596,51.50053843845023,5.0,0.0,5.0
6ab2cdd3-c0f9-3ede-ac23-4da9f623c943,5ee0a505-c938-45d6-9908-67aa4eefcb53,-0.1247233701275927,51.50055312769664,6.0,0.0,6.0
b43c92b7-77c2-31b3-aa05-b7e70164c8c3,358eb2c0-fa53-4607-a2cb-c2c4ba4e60a9,-0.12467434596015736,51.50057156298936,25.5,0.0,25.5
a459972a-b3ff-3837-bb73-b9062db09d1b,358eb2c0-fa53-4607-a2cb-c2c4ba4e60a9,-0.1245190129052965,51.5005708514467,30.0,0.0,30.0
08296344-1c34-34df-b92a-1e3eba81086e,5ee0a505-c938-45d6-9908-67aa4eefcb53,-0.12473091582641924,51.50057559517079,6.0,0.0,6.0
0744eb4c-eaa5-3a63-a38e-27b49e900b36,e8b13135-30b4-49d6-944f-0dca6cd2cd6d,-0.12464055026091933,51.50075612031583,20.0,0.0,20.0
825135a0-027e-3b16-a1a2-357656b97290,e8b13135-30b4-49d6-944f-0dca6cd2cd6d,-0.12456250000000649,51.500760099999994,56.8,0.0,56.8
60f169c1-24e6-3764-9576-d3c936d5cb53,e8b13135-30b4-49d6-944f-0dca6cd2cd6d,-0.12456234727890564,51.50076036738834,52.5,0.0,52.5
5d3ced8f-c80b-30da-ae72-c598c1d3d353,e8b13135-30b4-49d6-944f-0dca6cd2cd6d,-0.12456251703702692,51.500760096296325,57.5,0.0,57.5
fa42ee69-6f64-36b9-ac50-6177ee6c12aa,e8b13135-30b4-49d6-944f-0dca6cd2cd6d,-0.12451403416398177,51.50075699846573,56.3,0.0,56.3
d1ed4d65-7805-3c6f-9985-c3457172fb33,5ee0a505-c938-45d6-9908-67aa4eefcb53,-0.1246623459553689,51.50074469649331,62.0,0.0,62.0
eb990c35-a85d-321e-ae23-306feef59dec,e8b13135-30b4-49d6-944f-0dca6cd2cd6d,-0.12466344867844713,51.50073731950498,56.3,0.0,56.3
b764fb78-6c0c-3311-9813-b0f34edaa467,e8b13135-30b4-49d6-944f-0dca6cd2cd6d,-0.12456829066075392,51.50072819589027,67.7,0.0,67.7
01bb03e5-fccc-3980-94dd-8d6d87db1494,e8b13135-30b4-49d6-944f-0dca6cd2cd6d,-0.12457009999320574,51.50072010001572,70.1,0.0,70.1
e2e79a5a-b1c0-37e7-8211-19c43472b882,5ee0a505-c938-45d6-9908-67aa4eefcb53,-0.12466596887082425,51.50072333305747,53.4,0.0,53.4
166333d3-c603-3024-a83b-c48f5e191b88,5ee0a505-c938-45d6-9908-67aa4eefcb53,-0.12471443192089973,51.500710465797304,6.0,5.0,11.0
7c013c0e-6aef-3f1f-b5d5-0238932741ad,e8b13135-30b4-49d6-944f-0dca6cd2cd6d,-0.12462314595276679,51.50070405018544,67.7,0.0,67.7
46a1d06d-822b-373a-9971-ddcd01863ea8,e8b13135-30b4-49d6-944f-0dca6cd2cd6d,-0.12466202350954816,51.50070712201378,6.0,0.0,6.0
b71978c1-0146-33d0-8c95-2dbc4aadd17e,e8b13135-30b4-49d6-944f-0dca6cd2cd6d,-0.12460580000818187,51.50070279999003,70.1,0.0,70.1
66f77bac-92fc-3a34-a8fe-82118461d49a,e8b13135-30b4-49d6-944f-0dca6cd2cd6d,-0.12466947697063584,51.50070724592137,56.8,0.0,56.8
de8ed162-231f-3aaa-a9f1-c8779ef00861,5ee0a505-c938-45d6-9908-67aa4eefcb53,-0.12466705266981283,51.50070710656374,60.6,0.0,60.6
9cac1e2f-77db-333b-8a66-9c3afe5f8702,5ee0a505-c938-45d6-9908-67aa4eefcb53,-0.12466895000551198,51.500707349993235,59.5,0.0,59.5
9e92fa75-4fb9-3414-a9de-7bf7f22c45da,e8b13135-30b4-49d6-944f-0dca6cd2cd6d,-0.12466947376638363,51.50070729184288,57.5,0.0,57.5
4157ed26-f9be-37a7-b5e4-e194f38460eb,e8b13135-30b4-49d6-944f-0dca6cd2cd6d,-0.12466888499437435,51.50070731464191,52.5,0.0,52.5
3f7a7147-f1e6-3337-aef0-38f282aa36f7,e8b13135-30b4-49d6-944f-0dca6cd2cd6d,-0.12457185028089104,51.5007100985016,67.7,0.0,67.7
e417ea6a-88d7-31ee-a912-40ca8d5354d6,e8b13135-30b4-49d6-944f-0dca6cd2cd6d,-0.12457364999321134,51.50070045001573,70.1,0.0,70.1
e23ea5a2-c51c-3dfa-8626-b2429a7826cb,e8b13135-30b4-49d6-944f-0dca6cd2cd6d,-0.12454065000816981,51.500698349990074,70.1,0.0,70.1
80890688-93e0-36ac-9dd7-8c792fe27860,e8b13135-30b4-49d6-944f-0dca6cd2cd6d,-0.12457262964181283,51.50070159584597,7.0,0.0,7.0
d1d2d99c-bc1b-3c6e-a203-c35bdc88a859,e8b13135-30b4-49d6-944f-0dca6cd2cd6d,-0.12457362317454886,51.50070060506111,88.0,0.0,88.0
fb547d35-b5ed-3c1b-a1d4-9b4eed3dfb93,e8b13135-30b4-49d6-944f-0dca6cd2cd6d,-0.1245727359803389,51.50070105010563,51.0,0.0,51.0
ffd888d8-99cc-3911-b73f-61b21236bb99,e8b13135-30b4-49d6-944f-0dca6cd2cd6d,-0.12455829626020613,51.500699599140724,67.7,0.0,67.7
61589c1b-07f1-3147-b389-e3d79bec009b,e8b13135-30b4-49d6-944f-0dca6cd2cd6d,-0.12457396130952383,51.50070041190476,96.0,0.0,96.0
febb6d66-7be9-3268-98db-e19a79e3372c,e8b13135-30b4-49d6-944f-0dca6cd2cd6d,-0.12457329187133495,51.50070056646187,60.5,0.0,60.5
03deca14-8cfd-3082-b2dd-d44fa8f64f7d,e8b13135-30b4-49d6-944f-0dca6cd2cd6d,-0.1244753426320905,51.50070612334103,56.125,0.0,56.125
dc1574ab-be60-34dc-a22d-68efb9af043d,e8b13135-30b4-49d6-944f-0dca6cd2cd6d,-0.12447416887082649,51.50070973305748,53.4,0.0,53.4
a0b99796-40ac-3076-8c99-f697bea45f87,e8b13135-30b4-49d6-944f-0dca6cd2cd6d,-0.12447162319606711,51.50072372629032,56.3,0.0,56.3
63e8722a-1171-3313-ae08-7af9d01c8e95,e8b13135-30b4-49d6-944f-0dca6cd2cd6d,-0.12447025105671379,51.500731131357504,62.0,0.0,62.0
ebe5c17f-9904-32f1-8d15-775bec86864f,e8b13135-30b4-49d6-944f-0dca6cd2cd6d,-0.12446912656514605,51.50075229492386,63.0,0.0,63.0
d8c897f3-7e4e-34d6-a696-815780cac390,e8b13135-30b4-49d6-944f-0dca6cd2cd6d,-0.12448756561504241,51.500743650608044,20.0,0.0,20.0
6b41ff44-f369-3f13-9e81-2de50067d960,e8b13135-30b4-49d6-944f-0dca6cd2cd6d,-0.12450235416051049,51.50075632680452,62.0,0.0,62.0
b3290e64-f623-3712-b90b-644be737d2fe,e8b13135-30b4-49d6-944f-0dca6cd2cd6d,-0.12458829999974663,51.5007622000006,53.4,0.0,53.4
57145de2-c910-3186-882e-f45cdbe3eaf8,e8b13135-30b4-49d6-944f-0dca6cd2cd6d,-0.12458270228071151,51.500761509209845,56.125,0.0,56.125
ca8d2708-2742-3580-98ce-7f1aa8fb882c,e8b13135-30b4-49d6-944f-0dca6cd2cd6d,-0.12456246393323878,51.50075910712426,60.6,0.0,60.6
6d52d30d-5630-3258-a14b-b8d2bdf13de2,e8b13135-30b4-49d6-944f-0dca6cd2cd6d,-0.1245624999952949,51.50076040001065,59.5,0.0,59.5
c1d059a7-b42d-3cf8-9db7-76c3332f5aab,e8b13135-30b4-49d6-944f-0dca6cd2cd6d,-0.12453656912188318,51.50075855041335,53.4,0.0,53.4
e057ccc6-64c7-37d8-beed-9d61a2ee3469,e8b13135-30b4-49d6-944f-0dca6cd2cd6d,-0.12462253237838819,51.50076466526411,62.0,0.0,62.0
d6c0f28f-3a81-33a6-a4b2-ec81e15de64b,e8b13135-30b4-49d6-944f-0dca6cd2cd6d,-0.12465228087058973,51.50076269872939,6.0,0.0,6.0
45137111-1a5e-30e4-a735-f9d449180037,e8b13135-30b4-49d6-944f-0dca6cd2cd6d,-0.12461079414354148,51.50076374737181,56.3,0.0,56.3
c11f02a9-6d77-3fab-bc82-c1e04778e239,5ee0a505-c938-45d6-9908-67aa4eefcb53,-0.12469093234986404,51.50077387608065,6.0,0.0,6.0
712cb2d1-c69a-34b6-b037-c547172e3f89,e8b13135-30b4-49d6-944f-0dca6cd2cd6d,-0.12465695983704846,51.5007652780973,63.0,0.0,63.0
3348b821-0aed-31f6-a7e0-909b06126db8,a90765bf-414c-4d9f-bd98-06bb0f689e6d,-0.1270408107905581,51.50004271078896,36.0,0.0,36.0
674a4cc3-1eab-37ff-87ea-eb7cb25ff729,a90765bf-414c-4d9f-bd98-06bb0f689e6d,-0.1269313500979508,51.50004349470353,36.0,0.0,36.0
014447d4-b206-3a58-89b5-e97656ced1f9,a90765bf-414c-4d9f-bd98-06bb0f689e6d,-0.12698581102861625,51.500008654385404,38.0,0.0,38.0
ce212732-9a75-38c4-a9e5-5bfb4e2b7b4c,a90765bf-414c-4d9f-bd98-06bb0f689e6d,-0.1269855478910511,51.500009087559214,32.0,0.0,32.0
0143ae23-00a1-3c1d-9fe5-4bc13c72fc27,c8f9e960-a70a-421a-bd32-abd08a3def09,-0.12560304077681836,51.500081148670326,17.0,0.0,17.0
c9768ce7-2876-33d4-b30b-bf1c6ce701cc,c8f9e960-a70a-421a-bd32-abd08a3def09,-0.1255373499964987,51.500074200005834,15.0,0.0,15.0
09299bab-3043-304e-961d-d798404912d7,c8f9e960-a70a-421a-bd32-abd08a3def09,-0.1255930780230731,51.50003569305061,6.0,0.0,6.0
7348e7c1-76e8-3bd6-9217-62730b7a591e,358eb2c0-fa53-4607-a2cb-c2c4ba4e60a9,-0.12503347545400906,51.49997679883824,20.0,0.0,20.0
0f66d11f-0c56-3e6a-b1d4-ccd81dd4f848,358eb2c0-fa53-4607-a2cb-c2c4ba4e60a9,-0.12496724666376183,51.50001041386427,15.0,0.0,15.0
48ed2bf8-b7c5-35f9-a6e4-30c8b53c363e,358eb2c0-fa53-4607-a2cb-c2c4ba4e60a9,-0.1250575913376746,51.500054370884484,15.0,0.0,15.0
f41cdf2d-ba37-3706-8936-524768e9305c,358eb2c0-fa53-4607-a2cb-c2c4ba4e60a9,-0.12391176694164606,51.500024033718255,25.5,0.0,25.5
6a0558c1-91b3-38a8-ac89-541664a3025f,358eb2c0-fa53-4607-a2cb-c2c4ba4e60a9,-0.12417630228446608,51.500082575093415,22.0,0.0,22.0
3bbd6623-2203-38ee-bd46-23b5d4cef926,358eb2c0-fa53-4607-a2cb-c2c4ba4e60a9,-0.12390186682339309,51.50007128697076,25.5,0.0,25.5
8bc17d16-bf8f-3465-9e5a-f4f7577ece09,358eb2c0-fa53-4607-a2cb-c2c4ba4e60a9,-0.12416986571582113,51.500115436494156,22.0,0.0,22.0
d9776908-a4b3-3145-82f6-87e00eec5e43,358eb2c0-fa53-4607-a2cb-c2c4ba4e60a9,-0.12431659728755233,51.50009344888097,22.0,0.0,22.0
db249e03-4dbb-374c-8f15-af24c534cb93,358eb2c0-fa53-4607-a2cb-c2c4ba4e60a9,-0.12442731879208012,51.50010201816253,22.0,0.0,22.0
a4e19f13-c8b3-30eb-801a-efcafd198c73,358eb2c0-fa53-4607-a2cb-c2c4ba4e60a9,-0.12485008556237862,51.500115155002696,10.0,0.0,10.0
b659f9c6-65ee-36da-a99e-88f9bae7044a,358eb2c0-fa53-4607-a2cb-c2c4ba4e60a9,-0.12510056928275334,51.50012126550125,20.0,0.0,20.0
806f039a-cc07-3155-b5a5-f05464dc7894,358eb2c0-fa53-4607-a2cb-c2c4ba4e60a9,-0.12506892693783037,51.50013855498607,10.0,0.0,10.0
fb631708-7ed4-30e6-a7c0-d43a8b498bc2,4c97bee5-4f9b-41a1-a215-77a65420724d,-0.12510425842388523,51.50016574428202,27.0,0.0,27.0
f1bfd88c-bdf0-3a31-9b1a-eb90840013a7,358eb2c0-fa53-4607-a2cb-c2c4ba4e60a9,-0.12491761230886332,51.5001590358843,24.0,0.0,24.0
b1ed6d11-c0a3-3299-b3a6-c11627b10654,358eb2c0-fa53-4607-a2cb-c2c4ba4e60a9,-0.12472032097554682,51.50015823994101,24.0,0.0,24.0
8ae04c3a-3385-35c0-b3ab-b0b8c927c748,358eb2c0-fa53-4607-a2cb-c2c4ba4e60a9,-0.12453423605442757,51.5001635319728,39.0,0.0,39.0
0101aca8-390e-35d4-ba09-78f74498d1bb,358eb2c0-fa53-4607-a2cb-c2c4ba4e60a9,-0.12459237320363879,51.5001676051362,39.0,0.0,39.0
22c07a2c-bf22-33c6-aa4f-781b62024b14,358eb2c0-fa53-4607-a2cb-c2c4ba4e60a9,-0.12456657685969856,51.50014739492453,48.0,0.0,48.0
3eef719c-dc5b-35bf-b1ee-adc884685ccf,358eb2c0-fa53-4607-a2cb-c2c4ba4e60a9,-0.12456652958254984,51.50014743071673,37.0,0.0,37.0
4c647b00-8d7e-3b5d-8547-c704390f0d11,358eb2c0-fa53-4607-a2cb-c2c4ba4e60a9,-0.12459893682360325,51.50013132316208,39.0,0.0,39.0
181d1f56-a974-3281-bc88-3e0ee398cb9c,358eb2c0-fa53-4607-a2cb-c2c4ba4e60a9,-0.12454075000000238,51.50012725000001,39.0,0.0,39.0
98b134f2-a2b5-3bad-b65e-715509b7ae52,358eb2c0-fa53-4607-a2cb-c2c4ba4e60a9,-0.1244206904168004,51.500134772169304,22.0,0.0,22.0
2b07578f-b0c5-3145-8302-061c31ce6ab1,358eb2c0-fa53-4607-a2cb-c2c4ba4e60a9,-0.12431016069281452,51.50012627165108,22.0,0.0,22.0
08e198ce-90ae-3f64-8116-788e03d993be,358eb2c0-fa53-4607-a2cb-c2c4ba4e60a9,-0.12389212998944671,51.50012023947197,25.5,0.0,25.5
85f3fb9f-a59a-3cc7-8c64-f9acf626af13,358eb2c0-fa53-4607-a2cb-c2c4ba4e60a9,-0.12416380640673874,51.50014676298841,22.0,0.0,22.0
dab52628-3d86-396c-9e99-4c89e360a1d1,358eb2c0-fa53-4607-a2cb-c2c4ba4e60a9,-0.12430394748953973,51.50015757897359,22.0,0.0,22.0
6ab4a50f-2bf1-3bfc-a084-4912ef68fbb5,358eb2c0-fa53-4607-a2cb-c2c4ba4e60a9,-0.12445714575075467,51.50017079185123,22.0,0.0,22.0
8528f02c-8b99-322c-b804-dc764998904c,358eb2c0-fa53-4607-a2cb-c2c4ba4e60a9,-0.1245680656609969,51.50022402606649,5.0,0.0,5.0
3381bf25-d2b1-3f8a-ba8b-00662c66d17b,5ee0a505-c938-45d6-9908-67aa4eefcb53,-0.12478924291189473,51.500213091776054,6.0,5.0,11.0
cf7cb734-f4bd-3723-8ef3-cff92a5724d8,358eb2c0-fa53-4607-a2cb-c2c4ba4e60a9,-0.12475319899335569,51.5001715207745,25.0,0.0,25.0
c96a87f1-e5bd-3f9a-bb42-5fea5aa94571,358eb2c0-fa53-4607-a2cb-c2c4ba4e60a9,-0.1247533999999063,51.500171299999664,32.0,0.0,32.0
e69c48a1-ecae-3b81-861f-91d7379ecb16,358eb2c0-fa53-4607-a2cb-c2c4ba4e60a9,-0.12485711246541392,51.50018295451256,25.5,0.0,25.5
1d9a7c17-fbe1-3b8d-9d14-6d88a391465d,5ee0a505-c938-45d6-9908-67aa4eefcb53,-0.12481599293743818,51.50018684230066,6.0,0.0,6.0
a39601e7-637f-31af-ad38-575758ebe109,358eb2c0-fa53-4607-a2cb-c2c4ba4e60a9,-0.12500214443842653,51.500198405211606,25.5,0.0,25.5
d425bea0-5bc1-3b89-af13-0c0a4fda4fa1,358eb2c0-fa53-4607-a2cb-c2c4ba4e60a9,-0.12492800900598602,51.50019083516332,25.5,0.0,25.5
c3a42de4-849c-3a36-a30f-a9de1c94a85b,4c97bee5-4f9b-41a1-a215-77a65420724d,-0.12520766724165217,51.500185453191605,7.0,0.0,7.0
db6601f0-5af6-3547-b9b2-89643928379d,4c97bee5-4f9b-41a1-a215-77a65420724d,-0.12512564021457248,51.500194151358805,22.0,0.0,22.0
b5f3f424-8528-39f8-8dfd-57f4ec9f3076,4c97bee5-4f9b-41a1-a215-77a65420724d,-0.12520069999958125,51.50020485000178,8.0,0.0,8.0
3d132910-ed55-3cca-b50c-956c0946c932,4c97bee5-4f9b-41a1-a215-77a65420724d,-0.12543454515534136,51.500229067446256,22.0,0.0,22.0
6a0bc3ce-a1db-3dc3-90f5-05cb54421c23,4c97bee5-4f9b-41a1-a215-77a65420724d,-0.12535597208859514,51.50022175377539,8.0,0.0,8.0
5794135f-68fb-3c55-9b55-0ace23404c64,4c97bee5-4f9b-41a1-a215-77a65420724d,-0.12527838745064865,51.50021330470369,8.0,7.0,15.0
205b295a-8800-37d6-a643-23043029a211,4c97bee5-4f9b-41a1-a215-77a65420724d,-0.12535989866523778,51.500202043050486,7.0,0.0,7.0
96c3f082-dab7-35b8-a6a1-13e5fdc488ef,4c97bee5-4f9b-41a1-a215-77a65420724d,-0.12548176163169228,51.500216701848736,23.5,0.0,23.5
621420e7-1fe9-3de5-b854-b9eafd61ee5f,c8f9e960-a70a-421a-bd32-abd08a3def09,-0.1255525999999626,51.500228550000124,7.5,0.0,7.5
bbf9abf3-5e64-3798-b040-2bca10442163,c8f9e960-a70a-421a-bd32-abd08a3def09,-0.12577639012356606,51.50019397222223,7.5,0.0,7.5
9b8e1c02-45b7-3ec4-b676-00a1fff1d34b,c8f9e960-a70a-421a-bd32-abd08a3def09,-0.1256750120082083,51.50018484990781,10.0,0.0,10.0
41d42edf-1de1-39c3-9903-5fdcc20f21de,c8f9e960-a70a-421a-bd32-abd08a3def09,-0.12561862995028208,51.50017567787522,15.0,0.0,15.0
548948e8-e3a4-3a18-b689-bb39dcd6690d,4c97bee5-4f9b-41a1-a215-77a65420724d,-0.12528363611467783,51.50019386312635,28.5,0.0,28.5
1a3eb946-e2f1-3e88-bfb6-1274779c8669,4c97bee5-4f9b-41a1-a215-77a65420724d,-0.12528413585345685,51.50019392215442,36.0,0.0,36.0
80234fa7-9d62-3642-8d3a-bd754b056382,c8f9e960-a70a-421a-bd32-abd08a3def09,-0.12579067432628768,51.50013607607715,7.5,0.0,7.5
91ca5d2a-8077-3914-a3ea-241aa7a8f86f,c8f9e960-a70a-421a-bd32-abd08a3def09,-0.12571716434422933,51.50012662779358,7.5,0.0,7.5
81b7e7cd-cd22-3994-a515-f9447ae5b026,c8f9e960-a70a-421a-bd32-abd08a3def09,-0.12564717798766506,51.500118446156584,7.5,0.0,7.5
3a9d57ad-8342-3888-af79-d42e5eb7a420,c8f9e960-a70a-421a-bd32-abd08a3def09,-0.12574954845753827,51.500246962978935,19.0,0.0,19.0
ee6120b9-8399-3033-9e88-531312bf27ea,c8f9e960-a70a-421a-bd32-abd08a3def09,-0.12567533444295437,51.50024312207311,7.5,0.0,7.5
02f5b834-d958-35fb-ae83-025ba0b5edab,c8f9e960-a70a-421a-bd32-abd08a3def09,-0.12561232211618173,51.50023595353145,7.5,0.0,7.5
82b3b396-0876-3856-9935-3db03720c899,5ee0a505-c938-45d6-9908-67aa4eefcb53,-0.12471413356548554,51.50035756541168,25.5,0.0,25.5
916491ee-04e1-3a78-a3d3-fadb2a900563,358eb2c0-fa53-4607-a2cb-c2c4ba4e60a9,-0.12454632267907238,51.50034895934083,5.0,0.0,5.0
45e21103-d040-352c-9481-a4d8496cc9e8,358eb2c0-fa53-4607-a2cb-c2c4ba4e60a9,-0.12454708577254948,51.500346399202336,24.0,0.0,24.0
077139e7-f8fd-3bfc-8e7d-8325ced80360,358eb2c0-fa53-4607-a2cb-c2c4ba4e60a9,-0.1246736389510787,51.50035615507749,5.0,0.0,5.0
6aba8790-5e53-3421-a477-dc550171efd8,358eb2c0-fa53-4607-a2cb-c2c4ba4e60a9,-0.1246116526169936,51.50036394045389,24.0,0.0,24.0
a4e79a1c-a0fd-3e43-aa56-d5741c2d7ddb,5ee0a505-c938-45d6-9908-67aa4eefcb53,-0.12477115479278175,51.50036259788414,6.0,0.0,6.0
f404e197-8e1b-37e9-8f52-a3d48c31af94,5ee0a505-c938-45d6-9908-67aa4eefcb53,-0.12475500336279403,51.500383201515184,6.0,5.0,11.0
bf844bac-7c1b-303c-9840-0e59d5c133f8,5ee0a505-c938-45d6-9908-67aa4eefcb53,-0.12476317445647975,51.50040534404395,6.0,0.0,6.0
47f03e6f-d9cb-32a4-b0ad-9a2fe9d5dac9,5ee0a505-c938-45d6-9908-67aa4eefcb53,-0.12470581503346431,51.50040124387145,25.5,0.0,25.5
29a69723-a465-3c04-bfad-d472cdf61080,358eb2c0-fa53-4607-a2cb-c2c4ba4e60a9,-0.12469761742545861,51.50044311041655,25.5,0.0,25.5
cb5bc7d9-3540-3de7-918d-6b57d356707e,5ee0a505-c938-45d6-9908-67aa4eefcb53,-0.12475433238844295,51.50044780966691,6.0,0.0,6.0
9f99b71a-489e-3aaf-8db2-661f6c2adc4d,5ee0a505-c938-45d6-9908-67aa4eefcb53,-0.12474757392934824,51.500425517542126,6.0,5.0,11.0
2eb42520-90c2-3955-9e02-b55290827830,358eb2c0-fa53-4607-a2cb-c2c4ba4e60a9,-0.12466359880098193,51.50041150303201,24.0,0.0,24.0
8a5b39b7-a24b-3dd4-a54e-bec2bfceb223,358eb2c0-fa53-4607-a2cb-c2c4ba4e60a9,-0.12401686933194178,51.500410731680596,23.0,0.0,23.0
c9997256-2e76-3aea-a212-912b6cbcdef0,358eb2c0-fa53-4607-a2cb-c2c4ba4e60a9,-0.1239292160454877,51.50042324505408,10.0,0.0,10.0
1d961bd2-b4a4-352e-a6f2-14c9efe29c4a,358eb2c0-fa53-4607-a2cb-c2c4ba4e60a9,-0.12385753415822051,51.50037854937897,15.0,0.0,15.0
88c6be13-94a6-31eb-a14c-b7c278db3ed9,358eb2c0-fa53-4607-a2cb-c2c4ba4e60a9,-0.12393777646443573,51.50034132328081,23.0,0.0,23.0
9a95d834-45e1-30bc-b55b-26b15c93768a,358eb2c0-fa53-4607-a2cb-c2c4ba4e60a9,-0.12406378941267467,51.500328721676084,29.0,0.0,29.0
0c7d77c3-0189-3bc3-a49a-56853cd6c4bf,358eb2c0-fa53-4607-a2cb-c2c4ba4e60a9,-0.12400341234906699,51.50032432692441,29.0,0.0,29.0
172e32d5-4a67-3165-8bf9-af5b0fe07433,358eb2c0-fa53-4607-a2cb-c2c4ba4e60a9,-0.12393351120420702,51.50029538099667,15.0,0.0,15.0
44fd3e6f-5826-3dc3-a8cb-f182d0ee279f,358eb2c0-fa53-4607-a2cb-c2c4ba4e60a9,-0.12408085838380764,51.500306121387716,4.0,0.0,4.0
087b237c-864f-3032-9d0e-51e20dad1116,358eb2c0-fa53-4607-a2cb-c2c4ba4e60a9,-0.1240380746776575,51.50030290396762,25.0,0.0,25.0
471a24ab-49f5-36e7-90a6-b0f68a40cd71,358eb2c0-fa53-4607-a2cb-c2c4ba4e60a9,-0.12403845000024276,51.5003032000009,37.0,0.0,37.0
1479db83-5661-347e-b48b-79eb17db8dfc,5ee0a505-c938-45d6-9908-67aa4eefcb53,-0.12477948475655934,51.50032257678668,6.0,0.0,6.0
32f20152-b2f1-3852-89a0-03c8d5a83f21,5ee0a505-c938-45d6-9908-67aa4eefcb53,-0.1247632084544652,51.50034138865402,6.0,5.0,11.0
fa6ef837-409b-33d3-bf3d-ea8cbdaf2ba9,5ee0a505-c938-45d6-9908-67aa4eefcb53,-0.12477226527526483,51.500299822976906,6.0,5.0,11.0
b74b8617-8e3e-3d6a-b029-625a37b18508,358eb2c0-fa53-4607-a2cb-c2c4ba4e60a9,-0.12472235905248706,51.500317319322505,25.5,0.0,25.5
37be7157-3aff-339d-8f74-47aef8058044,358eb2c0-fa53-4607-a2cb-c2c4ba4e60a9,-0.12473055298449712,51.50027487892862,25.5,0.0,25.5
f971eb0d-a6fe-32f4-8ee8-c20fa4871bf9,5ee0a505-c938-45d6-9908-67aa4eefcb53,-0.1247878011150376,51.50027873885946,6.0,0.0,6.0
648b7fc6-d7d8-3d54-86e9-c636eb4588d9,5ee0a505-c938-45d6-9908-67aa4eefcb53,-0.12479618269386639,51.50023712438174,6.0,0.0,6.0
0d771248-fcd2-3c3b-9a3d-f293de2b525c,358eb2c0-fa53-4607-a2cb-c2c4ba4e60a9,-0.12469979669797224,51.50022902888485,5.0,0.0,5.0
77f76a2c-eb98-33a6-8065-3b415be2ecf3,358eb2c0-fa53-4607-a2cb-c2c4ba4e60a9,-0.1247399603902783,51.500233381934876,25.5,0.0,25.5
ec9e0ac9-c7e3-337a-9e80-36bfc90dd5ca,5ee0a505-c938-45d6-9908-67aa4eefcb53,-0.12477986074520325,51.500257030580336,6.0,5.0,11.0
563c406a-0398-31a2-a270-02567c54d7d1,358eb2c0-fa53-4607-a2cb-c2c4ba4e60a9,-0.12407271457026103,51.50028146774791,29.0,0.0,29.0
287f27b9-e5ff-35c4-a1b9-d8d43dabad4d,358eb2c0-fa53-4607-a2cb-c2c4ba4e60a9,-0.12401233755964856,51.50027707308253,29.0,0.0,29.0
987326cc-a9a6-398d-a32e-e5f35df81404,358eb2c0-fa53-4607-a2cb-c2c4ba4e60a9,-0.12410500772189707,51.499052739117815,39.0,0.0,39.0
0a8b7ed0-a42c-37c0-a383-322b6c44e080,358eb2c0-fa53-4607-a2cb-c2c4ba4e60a9,-0.12417785711419331,51.499060225431805,37.0,0.0,37.0
dca9c309-9817-30d7-907b-99a684679007,358eb2c0-fa53-4607-a2cb-c2c4ba4e60a9,-0.12435030908418328,51.499037376026095,27.0,0.0,27.0
100be7f0-64b1-3b3b-ae6b-4a70290a8a45,358eb2c0-fa53-4607-a2cb-c2c4ba4e60a9,-0.12426408161383805,51.49903064063321,37.0,0.0,37.0
364fa46b-f10a-3dcc-94dc-f0336112a045,358eb2c0-fa53-4607-a2cb-c2c4ba4e60a9,-0.12418949700273936,51.49902332487608,36.0,0.0,36.0
05dc4dd2-e0a8-3d05-8d1d-bc23e9a7f72a,358eb2c0-fa53-4607-a2cb-c2c4ba4e60a9,-0.12410476338702335,51.49901733330685,24.0,0.0,24.0
4393d615-46f3-32d5-af47-ccae5afe6f99,358eb2c0-fa53-4607-a2cb-c2c4ba4e60a9,-0.12411407523702159,51.49901845068164,37.0,0.0,37.0
f8f4d875-d69f-3f86-aa99-0cba76725780,358eb2c0-fa53-4607-a2cb-c2c4ba4e60a9,-0.12411771371351801,51.49898362361795,39.0,0.0,39.0
29d73946-20ef-39df-a520-c1273a738a38,358eb2c0-fa53-4607-a2cb-c2c4ba4e60a9,-0.12426303643624545,51.498993842932876,39.0,0.0,39.0
b11160ae-83b9-358c-b10f-d7c9d378f888,358eb2c0-fa53-4607-a2cb-c2c4ba4e60a9,-0.12419383530310668,51.49898629800471,37.0,0.0,37.0
463c94e3-3d60-306e-9034-3b45b8faca10,358eb2c0-fa53-4607-a2cb-c2c4ba4e60a9,-0.12466064481035845,51.498997198524876,20.0,0.0,20.0
b3e0089b-b7ac-382f-9376-08be7f0d09fb,358eb2c0-fa53-4607-a2cb-c2c4ba4e60a9,-0.12453986938396551,51.49900923993062,10.0,0.0,10.0
1ccdae8b-0201-3385-b7b5-9a7f5057c54b,358eb2c0-fa53-4607-a2cb-c2c4ba4e60a9,-0.12467109736896168,51.4990286189398,10.0,0.0,10.0
edae485f-322a-3e23-8f97-a70e0f7602f1,358eb2c0-fa53-4607-a2cb-c2c4ba4e60a9,-0.12453130078545341,51.49905148894164,27.0,0.0,27.0
9d1b9530-f6fe-3de1-8cd7-43dbc8b8519e,358eb2c0-fa53-4607-a2cb-c2c4ba4e60a9,-0.12512265635128647,51.49904499712773,24.0,0.0,24.0
ee12d965-1fe7-307a-86d2-dd59ee7fc992,358eb2c0-fa53-4607-a2cb-c2c4ba4e60a9,-0.12535581763880715,51.49904533795198,20.0,0.0,20.0
2b4c1b52-cea5-3f3b-82ff-aef55f1f0440,358eb2c0-fa53-4607-a2cb-c2c4ba4e60a9,-0.12536058040424933,51.499024143338566,23.5,0.0,23.5
23d7ea93-c984-3c20-bf13-0b5c2b6e0075,358eb2c0-fa53-4607-a2cb-c2c4ba4e60a9,-0.12536107530412652,51.499024094339504,20.0,0.0,20.0
f9be1d4e-383c-376e-b215-38bddbb6e9aa,358eb2c0-fa53-4607-a2cb-c2c4ba4e60a9,-0.12536906723096414,51.498981763785764,23.5,0.0,23.5
3323ca3b-df3f-34e2-9baa-e7581cbdc6c5,358eb2c0-fa53-4607-a2cb-c2c4ba4e60a9,-0.12536939752331586,51.49898185474231,20.0,0.0,20.0
a4d624b2-9d51-3415-b1cd-448b93709359,358eb2c0-fa53-4607-a2cb-c2c4ba4e60a9,-0.12537788368321906,51.49894313698059,4.0,0.0,4.0
9b52cf98-0e42-39cb-a5ff-6d2a617c1247,358eb2c0-fa53-4607-a2cb-c2c4ba4e60a9,-0.12537378274546931,51.49895729153967,20.0,0.0,20.0
0bfe8cc3-b170-3c99-b9a8-38cadfe68d2d,358eb2c0-fa53-4607-a2cb-c2c4ba4e60a9,-0.125376810310565,51.498933762815334,33.0,0.0,33.0
48258832-b39e-3776-b266-fe36e78865bb,358eb2c0-fa53-4607-a2cb-c2c4ba4e60a9,-0.12543409062594776,51.498936962527836,4.0,0.0,4.0
fa1b49de-5293-34b0-9591-c75f9309b6e7,358eb2c0-fa53-4607-a2cb-c2c4ba4e60a9,-0.12525333366035982,51.4989244247974,33.0,0.0,33.0
eb0aaed2-06f7-3424-ba78-f161cf164c9b,358eb2c0-fa53-4607-a2cb-c2c4ba4e60a9,-0.1254165036138821,51.49890592850351,5.5,4.0,9.5
ae64c502-84cd-3b69-9a5b-52a5e6c59b84,358eb2c0-fa53-4607-a2cb-c2c4ba4e60a9,-0.12538366666679768,51.49890386666675,20.0,0.0,20.0
8f24c9f3-5f55-3042-bc3e-b1f87d1bb6e0,358eb2c0-fa53-4607-a2cb-c2c4ba4e60a9,-0.12531603376459763,51.49889844917752,30.0,0.0,30.0
86c2d75b-6296-3514-a624-6e7391f4f3e9,358eb2c0-fa53-4607-a2cb-c2c4ba4e60a9,-0.12544665843700054,51.49888072990882,4.0,0.0,4.0
5f60c2a2-f669-3c57-a6e7-c4e63c977f5d,358eb2c0-fa53-4607-a2cb-c2c4ba4e60a9,-0.12538858595129312,51.49887355878524,33.0,0.0,33.0
06113b21-dca2-36a2-a214-8c2438fc2fcf,358eb2c0-fa53-4607-a2cb-c2c4ba4e60a9,-0.12526516153114867,51.4988641901768,33.0,0.0,33.0
c21d1e7b-0f23-3240-bd85-84d58462a2b2,358eb2c0-fa53-4607-a2cb-c2c4ba4e60a9,-0.12539368859974231,51.498864599595244,4.0,0.0,4.0
5549f73c-6304-303d-b198-29a7c3d4fb7c,358eb2c0-fa53-4607-a2cb-c2c4ba4e60a9,-0.12539421478943977,51.498853203256196,20.0,0.0,20.0
53cb0123-11c6-3a34-ba0c-7f0d8c5ad15b,358eb2c0-fa53-4607-a2cb-c2c4ba4e60a9,-0.12539935541653702,51.49883137716823,20.0,0.0,20.0
1a515a81-86eb-3e89-ae4f-3f05d8ac7247,358eb2c0-fa53-4607-a2cb-c2c4ba4e60a9,-0.1253988804042496,51.49883144333857,23.5,0.0,23.5
35b7ff59-5ba3-3822-90ce-9671424dd034,358eb2c0-fa53-4607-a2cb-c2c4ba4e60a9,-0.12519938888442017,51.49890589862937,15.0,0.0,15.0
ad02e17b-70eb-3fa0-b2ac-90139a321682,358eb2c0-fa53-4607-a2cb-c2c4ba4e60a9,-0.12412926019713838,51.49892749562061,25.5,0.0,25.5
4092d67d-80c6-3fd3-8c57-47896e65c462,358eb2c0-fa53-4607-a2cb-c2c4ba4e60a9,-0.12413835883297347,51.498879311103636,25.5,0.0,25.5
1b235bc6-6bdc-3edb-89b5-d7858f855c24,358eb2c0-fa53-4607-a2cb-c2c4ba4e60a9,-0.12442544458887878,51.49882523371609,20.0,0.0,20.0
bcb6d528-374a-31bb-8b45-ec5783497e7e,358eb2c0-fa53-4607-a2cb-c2c4ba4e60a9,-0.12414832220714116,51.49883178567642,25.5,0.0,25.5
3de0990f-42e4-3cf8-8c52-42698f3a1160,358eb2c0-fa53-4607-a2cb-c2c4ba4e60a9,-0.12415761678079773,51.498784339340126,25.5,0.0,25.5
981f99ee-c04a-30c0-b479-5a21834473c3,358eb2c0-fa53-4607-a2cb-c2c4ba4e60a9,-0.12433703592767952,51.4986988007505,24.0,0.0,24.0
f4ca64a2-dfcf-36c0-a8f0-ee35ffe2295a,358eb2c0-fa53-4607-a2cb-c2c4ba4e60a9,-0.12416618808623976,51.49873754777962,25.5,0.0,25.5
d4a4d677-af01-3998-85c7-44b3a1bb5d5a,358eb2c0-fa53-4607-a2cb-c2c4ba4e60a9,-0.12509225481838765,51.49870307626521,10.0,0.0,10.0
5b72fcb5-1835-36b3-a04c-b531b7a5241d,358eb2c0-fa53-4607-a2cb-c2c4ba4e60a9,-0.12523769332188742,51.49871237332945,20.0,0.0,20.0
bdb83925-bee3-380d-a326-4d60c216074d,358eb2c0-fa53-4607-a2cb-c2c4ba4e60a9,-0.12510306881509686,51.49874620301391,15.0,0.0,15.0
0d59580c-50b2-3763-9296-fa361b50250d,358eb2c0-fa53-4607-a2cb-c2c4ba4e60a9,-0.12469944492072356,51.498765843950416,10.0,0.0,10.0
b3fad803-0de0-37da-a0de-0be42d4022e4,358eb2c0-fa53-4607-a2cb-c2c4ba4e60a9,-0.12484034472986393,51.49879028223264,5.0,0.0,5.0
13a212c1-afe3-34f7-a9bb-bb3987d1a5c5,358eb2c0-fa53-4607-a2cb-c2c4ba4e60a9,-0.12497452106329766,51.49881855935001,10.0,0.0,10.0
b7405bd8-f835-3e4e-9d3b-174c3a818875,358eb2c0-fa53-4607-a2cb-c2c4ba4e60a9,-0.12540788866218514,51.49878684611648,20.0,0.0,20.0
eca30442-697d-39bd-990f-7a0185c13831,358eb2c0-fa53-4607-a2cb-c2c4ba4e60a9,-0.1254071173580393,51.498786763655986,23.5,0.0,23.5
6948f9b3-5696-3686-9dc9-0334f5128497,358eb2c0-fa53-4607-a2cb-c2c4ba4e60a9,-0.12541188028259428,51.498764806075854,20.0,0.0,20.0
9aeef0e4-5f5a-36a0-9049-dc29903e571a,358eb2c0-fa53-4607-a2cb-c2c4ba4e60a9,-0.12541629306653335,51.49874218436311,23.5,0.0,23.5
91361b97-5b5a-3f6b-9c49-27117d59ca49,358eb2c0-fa53-4607-a2cb-c2c4ba4e60a9,-0.12541697210406402,51.4987422610418,20.0,0.0,20.0
987b36eb-0b54-3b0a-88c6-a31df7ebaa5e,358eb2c0-fa53-4607-a2cb-c2c4ba4e60a9,-0.12542640000014335,51.498696749999866,20.0,0.0,20.0
fdd60d9a-d208-3a67-a2d5-56065d40e795,358eb2c0-fa53-4607-a2cb-c2c4ba4e60a9,-0.12542594999999757,51.498696649999985,23.5,0.0,23.5
a4e7110e-312a-37de-94d7-0fff14732b1a,358eb2c0-fa53-4607-a2cb-c2c4ba4e60a9,-0.1254299854588618,51.49867649136142,20.0,0.0,20.0
ea8efeef-0bec-3f86-a0ee-4f37d92fb83c,358eb2c0-fa53-4607-a2cb-c2c4ba4e60a9,-0.1254335804042529,51.498655543338565,23.5,0.0,23.5
564982f8-1193-3418-a2fe-56b6e399fe9e,358eb2c0-fa53-4607-a2cb-c2c4ba4e60a9,-0.1254342500001305,51.49865564999987,20.0,0.0,20.0
05de8048-229c-38ef-842e-94421322e354,358eb2c0-fa53-4607-a2cb-c2c4ba4e60a9,-0.12536542442570656,51.498643455383146,24.0,0.0,24.0
d6d88fde-93f2-3c6d-9b9d-9469e7ec5581,358eb2c0-fa53-4607-a2cb-c2c4ba4e60a9,-0.1254418216927196,51.49861391114298,20.0,0.0,20.0
711518e4-e05d-3b82-a897-708754159ce4,358eb2c0-fa53-4607-a2cb-c2c4ba4e60a9,-0.12544091940307592,51.49861380673982,23.5,0.0,23.5
3dd1b0be-cd53-368c-9a40-e7baab090378,358eb2c0-fa53-4607-a2cb-c2c4ba4e60a9,-0.12544597330574295,51.498589080250596,20.0,0.0,20.0
d376c398-37f9-3851-8a55-d7cded0d6492,358eb2c0-fa53-4607-a2cb-c2c4ba4e60a9,-0.124609732539424,51.49860635193993,24.0,0.0,24.0
6598a7e9-b7ca-3a7e-9685-03cb249adbcb,358eb2c0-fa53-4607-a2cb-c2c4ba4e60a9,-0.12511369573321132,51.49865783158886,15.0,0.0,15.0
c68ba791-ba95-38b7-b509-98958ec1c23d,358eb2c0-fa53-4607-a2cb-c2c4ba4e60a9,-0.1249372354273033,51.49868690914051,24.0,0.0,24.0
bfb4038a-ed4c-31f8-b7af-d4478d27f0f1,358eb2c0-fa53-4607-a2cb-c2c4ba4e60a9,-0.12479038169247134,51.49867418613661,24.0,0.0,24.0
348b48ee-f89b-3d87-a3ea-bf011881a8f9,358eb2c0-fa53-4607-a2cb-c2c4ba4e60a9,-0.12486510071896376,51.498680699221346,24.0,0.0,24.0
6ddcc3ff-bfad-366a-981d-1227d97d051b,358eb2c0-fa53-4607-a2cb-c2c4ba4e60a9,-0.12459095006493875,51.49865797012364,10.0,0.0,10.0
51b335e4-f608-37f1-886f-99492d97f203,358eb2c0-fa53-4607-a2cb-c2c4ba4e60a9,-0.12421746560696903,51.498694361648255,24.0,0.0,24.0
088619e2-826c-3adc-beec-e039791cdc24,358eb2c0-fa53-4607-a2cb-c2c4ba4e60a9,-0.12417661145805835,51.49868978461618,25.5,0.0,25.5
26aaebef-1346-3845-960a-5590dd4c2778,358eb2c0-fa53-4607-a2cb-c2c4ba4e60a9,-0.12418607725370677,51.498641290403036,25.5,0.0,25.5
6b338742-4c8b-38aa-8c36-8d3ff27d3c55,358eb2c0-fa53-4607-a2cb-c2c4ba4e60a9,-0.12419710261724937,51.498595203048204,25.5,0.0,25.5
8f7841bd-34d4-37fb-a6a4-1c820a0ce19a,358eb2c0-fa53-4607-a2cb-c2c4ba4e60a9,-0.12434603170680336,51.49829611818712,23.0,0.0,23.0
129a9b89-ecc3-302e-94c7-ebbfeeea584d,260ebaf3-fb40-43f5-b173-69988d331092,-0.12536154636512495,51.49832637448319,63.0,0.0,63.0
2145f495-8cf5-371c-8710-01e72ba5de8d,260ebaf3-fb40-43f5-b173-69988d331092,-0.12536163838551503,51.49832637279365,51.0,40.0,91.0
831337c9-85d2-3083-9d2e-b82053acb27a,260ebaf3-fb40-43f5-b173-69988d331092,-0.12536146142427787,51.4983264164921,40.0,28.0,68.0
b7fc73a9-d217-3e81-983c-3e714569a898,260ebaf3-fb40-43f5-b173-69988d331092,-0.12536086411953454,51.49832669530899,17.0,15.5,32.5
901c9794-aec8-3fba-b7d3-7aa532964664,260ebaf3-fb40-43f5-b173-69988d331092,-0.12535241000082148,51.4983322817532,14.0,0.0,14.0
904f75b1-4ef1-368b-a08c-c33455afe7b7,260ebaf3-fb40-43f5-b173-69988d331092,-0.12536155511835295,51.498326413943914,28.0,17.0,45.0
c0c1800e-4f45-31d7-a9cd-36e165f582bb,260ebaf3-fb40-43f5-b173-69988d331092,-0.12537074503963502,51.49833305174488,77.0,0.0,77.0
baa5d7c3-52ca-3c1f-ab56-5027e61bd5ab,260ebaf3-fb40-43f5-b173-69988d331092,-0.12535719946595272,51.49832826549849,15.5,14.0,29.5
b9883f80-edb6-39c6-acda-8ea1edea9794,358eb2c0-fa53-4607-a2cb-c2c4ba4e60a9,-0.1252645867455952,51.498444230415195,20.0,0.0,20.0
707cf6d7-ea6a-3444-afc7-c6cd5dd8d7e5,260ebaf3-fb40-43f5-b173-69988d331092,-0.12547949934624703,51.49842137591663,89.0,0.0,89.0
3befe758-2611-3713-9409-e1d27866802e,260ebaf3-fb40-43f5-b173-69988d331092,-0.12547892087179124,51.49842112502459,96.0,0.0,96.0
b889f146-6c30-3f7b-acee-e6d3a8a6c466,260ebaf3-fb40-43f5-b173-69988d331092,-0.12520823158098346,51.49839945808002,89.0,0.0,89.0
310aeb47-4c30-3049-aa14-0c93ba52efd3,260ebaf3-fb40-43f5-b173-69988d331092,-0.12520898649870602,51.49839997913002,96.0,0.0,96.0
12f3cdec-6b1c-3d72-a9f2-485961228354,358eb2c0-fa53-4607-a2cb-c2c4ba4e60a9,-0.12511047069551234,51.49841000157528,16.0,0.0,16.0
a7693071-9617-3205-ba97-d3fa64dcd4be,358eb2c0-fa53-4607-a2cb-c2c4ba4e60a9,-0.12479403663376865,51.49840300607173,12.0,0.0,12.0
735ee257-a53f-33fc-9745-78c77840f9eb,358eb2c0-fa53-4607-a2cb-c2c4ba4e60a9,-0.12416902814460425,51.498359813011206,33.0,0.0,33.0
81b08d38-359b-3bb8-89fe-a7016e658e56,358eb2c0-fa53-4607-a2cb-c2c4ba4e60a9,-0.12408574358893876,51.49839175538583,36.0,0.0,36.0
68ba41b8-6635-316c-a4e0-0db58bbf8a75,358eb2c0-fa53-4607-a2cb-c2c4ba4e60a9,-0.12423539407819106,51.49840168301856,36.0,0.0,36.0
95e044af-c7d5-37f0-a014-88c86d2dfd24,358eb2c0-fa53-4607-a2cb-c2c4ba4e60a9,-0.12416286469680854,51.4983979019955,33.0,0.0,33.0
e5239375-0d72-3c0a-9b51-a2aa947bc5b1,358eb2c0-fa53-4607-a2cb-c2c4ba4e60a9,-0.12435002985666588,51.498388976983634,24.0,0.0,24.0
b577cc9b-6fe0-3e73-83f2-c4158d9dc9b0,358eb2c0-fa53-4607-a2cb-c2c4ba4e60a9,-0.12441711931681732,51.498400483907034,25.0,0.0,25.0
5abb1703-a4c2-310b-b4bb-38152722a486,358eb2c0-fa53-4607-a2cb-c2c4ba4e60a9,-0.12441745000024208,51.49839980000091,37.0,0.0,37.0
20626126-64c4-3513-ba8a-610dc31900e8,358eb2c0-fa53-4607-a2cb-c2c4ba4e60a9,-0.12445904825085644,51.498403221784805,4.0,0.0,4.0
1d5cf4b2-b3f8-39c4-9fc2-8ca3d161e8ec,358eb2c0-fa53-4607-a2cb-c2c4ba4e60a9,-0.12438252310560112,51.49842185530572,29.0,0.0,29.0
9d854999-30d9-39f0-b537-00df5e3aa890,358eb2c0-fa53-4607-a2cb-c2c4ba4e60a9,-0.1244429000000319,51.49842630000006,29.0,0.0,29.0
8335b6fb-ad3a-3586-973a-5947384178b3,358eb2c0-fa53-4607-a2cb-c2c4ba4e60a9,-0.12422615151192103,51.49845113210499,25.5,0.0,25.5
fec820cc-ff7c-3d57-a51c-a3c2c89421b3,358eb2c0-fa53-4607-a2cb-c2c4ba4e60a9,-0.12478290000010245,51.49847089999997,17.0,0.0,17.0
9a29e9d7-f40f-3b3e-bc3d-9e0d505a59f2,358eb2c0-fa53-4607-a2cb-c2c4ba4e60a9,-0.12479292199030265,51.49842578794627,17.0,0.0,17.0
43adaa73-735b-3596-b30b-54a098f1af3e,358eb2c0-fa53-4607-a2cb-c2c4ba4e60a9,-0.12491176149401723,51.49843673982344,5.0,0.0,5.0
96cdd2d3-05dc-3458-a0d9-3e8245446eca,358eb2c0-fa53-4607-a2cb-c2c4ba4e60a9,-0.1250216500001241,51.49848999999995,17.0,0.0,17.0
d2d380b5-5f6a-3ae7-93ff-d04ad0bb1a18,358eb2c0-fa53-4607-a2cb-c2c4ba4e60a9,-0.12477310000010672,51.498515600000005,17.0,0.0,17.0
1a9eb9eb-5778-3b14-9055-1dc0e9d61e19,358eb2c0-fa53-4607-a2cb-c2c4ba4e60a9,-0.12421580541884063,51.498497954834995,25.5,0.0,25.5
8cb1a89e-6e36-35c7-9096-09eeee729f7a,358eb2c0-fa53-4607-a2cb-c2c4ba4e60a9,-0.1242059368207457,51.498547777606866,25.5,0.0,25.5
87abc801-f604-389e-bf95-a39e4793c7b7,358eb2c0-fa53-4607-a2cb-c2c4ba4e60a9,-0.12476465000008237,51.498557950000006,17.0,0.0,17.0
daed2aaa-e7a9-3d7b-a59c-812300c07914,358eb2c0-fa53-4607-a2cb-c2c4ba4e60a9,-0.12501207293032948,51.49853450789196,17.0,0.0,17.0
b3919511-5876-3aa5-9493-691562fecc7e,358eb2c0-fa53-4607-a2cb-c2c4ba4e60a9,-0.12500345861112,51.498577627191175,17.0,0.0,17.0
b0ae2bf0-470e-3716-aff0-f6c1fab117ee,358eb2c0-fa53-4607-a2cb-c2c4ba4e60a9,-0.12545103266009222,51.49856516929952,20.0,0.0,20.0
309b4a77-61b3-3458-9030-4ee20f9b9cc0,358eb2c0-fa53-4607-a2cb-c2c4ba4e60a9,-0.12544968040425478,51.49856514333857,23.5,0.0,23.5
e96f851a-4f48-32f7-b6d8-87f41199ff9a,358eb2c0-fa53-4607-a2cb-c2c4ba4e60a9,-0.1252680812724708,51.498556748161604,15.0,0.0,15.0
a43c4bf7-e5b6-3d7c-aa5b-a34ea989fca6,358eb2c0-fa53-4607-a2cb-c2c4ba4e60a9,-0.1254594930665289,51.49852138436311,23.5,0.0,23.5
ebb66c0d-7b82-3eed-bcd1-ca0559207d30,358eb2c0-fa53-4607-a2cb-c2c4ba4e60a9,-0.12545998976548325,51.49852144547235,20.0,0.0,20.0
6edb98e3-4332-34aa-85fd-6e6763c3829b,358eb2c0-fa53-4607-a2cb-c2c4ba4e60a9,-0.12546591735803955,51.498479963655974,23.5,0.0,23.5
dffc146f-9738-331b-a1e7-d7650c5f0708,358eb2c0-fa53-4607-a2cb-c2c4ba4e60a9,-0.12546688895869026,51.49848009511783,20.0,0.0,20.0
64e7fd36-d27b-3471-979d-239171e79a73,358eb2c0-fa53-4607-a2cb-c2c4ba4e60a9,-0.12546279093590101,51.498500508441076,20.0,0.0,20.0
621aad3d-9af4-3b02-89e5-58086330c475,408f5d8f-4de6-44d2-8d78-12851a5cc81a,-0.12699709629706987,51.49886598048162,14.0,0.0,14.0
c4b306c4-42ba-37c3-a383-b6f898205e43,408f5d8f-4de6-44d2-8d78-12851a5cc81a,-0.12718380157006695,51.49889211600648,14.0,0.0,14.0
56b63ced-96bc-3fc4-b2da-c8aa7a375c2a,408f5d8f-4de6-44d2-8d78-12851a5cc81a,-0.1270124012657725,51.49890226791579,14.0,0.0,14.0
db424494-3ceb-3eb6-9b61-05883b348bcf,408f5d8f-4de6-44d2-8d78-12851a5cc81a,-0.12702562711662502,51.498933098574035,27.0,0.0,27.0
4e3c921d-a94c-34d2-be65-71c42a026ecc,408f5d8f-4de6-44d2-8d78-12851a5cc81a,-0.1271406887175539,51.49893979764828,27.0,0.0,27.0
4eb739af-4847-3420-b582-a798a06ecb1c,408f5d8f-4de6-44d2-8d78-12851a5cc81a,-0.12716000000279634,51.498918300000234,14.0,0.0,14.0
8d4559c7-1730-3049-ae66-da0235190115,408f5d8f-4de6-44d2-8d78-12851a5cc81a,-0.12685752875914438,51.498948265067135,14.0,0.0,14.0
b8232e94-a556-38e1-9cab-20b8e5468b50,408f5d8f-4de6-44d2-8d78-12851a5cc81a,-0.12690145553339124,51.49896438609637,14.0,0.0,14.0
536bed1c-8887-31f0-801b-9729e2b5d059,408f5d8f-4de6-44d2-8d78-12851a5cc81a,-0.12693607593887263,51.4989767783804,27.0,0.0,27.0
67fa394b-bb4e-3bd5-be40-4fbd537e86c4,408f5d8f-4de6-44d2-8d78-12851a5cc81a,-0.12720995520184553,51.49899318318737,27.0,0.0,27.0
b7a008b4-d1c4-3e7d-a463-6d27e0b00a33,408f5d8f-4de6-44d2-8d78-12851a5cc81a,-0.12724591450370198,51.49898712787651,14.0,0.0,14.0
913f066f-6206-360b-9e35-a0297d3de95e,408f5d8f-4de6-44d2-8d78-12851a5cc81a,-0.12706972582483764,51.49902230531145,20.0,0.0,20.0
6636a168-1f41-3eed-9f51-ef1ac79063e6,408f5d8f-4de6-44d2-8d78-12851a5cc81a,-0.127065994704797,51.49902164547739,37.0,0.0,37.0
accbba9c-5c1e-3986-8486-ec2e3f8421ed,408f5d8f-4de6-44d2-8d78-12851a5cc81a,-0.12692513803382707,51.499049012513815,27.0,0.0,27.0
84275718-3d33-33ba-80f2-808c7d5ee37a,408f5d8f-4de6-44d2-8d78-12851a5cc81a,-0.12687913310289964,51.499058150113555,14.0,0.0,14.0
26fb1074-08d7-3d64-935c-8c3ad3f13489,cd5df908-fd5d-4338-8c35-01a7b3bc9cfb,-0.12827765614889064,51.499304028364875,10.0,0.0,10.0
edec0cde-ba5e-34d9-91f2-290a0a261fb5,cd5df908-fd5d-4338-8c35-01a7b3bc9cfb,-0.12827704995677783,51.49930747198148,15.0,0.0,15.0
673eb69c-dc9b-329c-9312-236f97ca8942,cd5df908-fd5d-4338-8c35-01a7b3bc9cfb,-0.12827659295820512,51.49931142765649,20.0,0.0,20.0
b6414f8c-f667-36d1-87a7-ea0d1f1fd9c1,cd5df908-fd5d-4338-8c35-01a7b3bc9cfb,-0.12827470000033953,51.499324149999715,25.0,0.0,25.0
4fed8429-713b-36bb-8de4-f1fd0b274849,cd5df908-fd5d-4338-8c35-01a7b3bc9cfb,-0.12827231543970918,51.499340602510394,36.0,0.0,36.0
b2fa7b49-7ffb-3bc9-8cd0-f64a294a61f6,cd5df908-fd5d-4338-8c35-01a7b3bc9cfb,-0.1282558368143796,51.499454618790125,37.0,0.0,37.0
eabdc39c-3fc2-38de-b999-edf3521fd8ee,cd5df908-fd5d-4338-8c35-01a7b3bc9cfb,-0.12792025368065502,51.49943488345373,43.0,0.0,43.0
34b8518a-19b7-36f1-b7ff-aaa3b67924c9,cd5df908-fd5d-4338-8c35-01a7b3bc9cfb,-0.12792064864961322,51.49943673874358,37.0,0.0,37.0
e6f178e2-74d2-3c62-bf7a-436cbefde60a,cd5df908-fd5d-4338-8c35-01a7b3bc9cfb,-0.12758980082027457,51.49941683704917,37.0,0.0,37.0
66afd2e8-7606-3b72-9450-271ae40d3520,cd5df908-fd5d-4338-8c35-01a7b3bc9cfb,-0.12751383509346473,51.49941351563677,37.0,0.0,37.0
26419cad-50c7-3b84-9870-5de3d9ab30c9,cd5df908-fd5d-4338-8c35-01a7b3bc9cfb,-0.1276723596995419,51.49942211467177,37.0,0.0,37.0
f94b0a94-7341-31a7-bae4-e8273a446f06,cd5df908-fd5d-4338-8c35-01a7b3bc9cfb,-0.12775466955603926,51.499427954606176,37.0,0.0,37.0
54776b91-b9a7-38a1-8c9e-b17bd3dd01e1,cd5df908-fd5d-4338-8c35-01a7b3bc9cfb,-0.12783762711227628,51.49943192370586,37.0,0.0,37.0
67afbf35-2cee-3113-9a0f-f22cda395be9,cd5df908-fd5d-4338-8c35-01a7b3bc9cfb,-0.12800356498486767,51.49944223627376,37.0,0.0,37.0
950fb6ac-a029-3205-9c7a-09df2022b2e6,cd5df908-fd5d-4338-8c35-01a7b3bc9cfb,-0.12809031273726498,51.499445434124716,37.0,0.0,37.0
7099ab21-d8b0-3a85-a53a-54b942313a12,cd5df908-fd5d-4338-8c35-01a7b3bc9cfb,-0.12817130005450644,51.49945004991845,37.0,0.0,37.0
5db3d622-7cb7-3122-ae36-1eecdbbd0720,cd5df908-fd5d-4338-8c35-01a7b3bc9cfb,-0.12788654899914037,51.49952152723353,23.0,0.0,23.0
c72cd034-accd-36fd-9ebc-84c4c23c241e,cd5df908-fd5d-4338-8c35-01a7b3bc9cfb,-0.12730749904537064,51.499514392057776,37.0,0.0,37.0
3064bd6c-9799-33db-963f-3525b41b0534,cd5df908-fd5d-4338-8c35-01a7b3bc9cfb,-0.12711578320085595,51.49950258323747,36.0,0.0,36.0
aac816ca-c71c-3cb5-8fc8-d2830c62b71a,cd5df908-fd5d-4338-8c35-01a7b3bc9cfb,-0.12683984999996586,51.499516750000225,26.0,0.0,26.0
5a0ecc64-d521-3fde-bb00-4fb6b69d6787,cd5df908-fd5d-4338-8c35-01a7b3bc9cfb,-0.12678989999999649,51.499519450000136,26.0,0.0,26.0
fe59d869-ee49-36fe-9826-d04fc0fc7e5e,cd5df908-fd5d-4338-8c35-01a7b3bc9cfb,-0.12700463944133053,51.499489568337424,36.0,0.0,36.0
21631841-3fe0-35fa-ae92-35e9625752df,cd5df908-fd5d-4338-8c35-01a7b3bc9cfb,-0.12704520986146645,51.49949427840276,36.0,0.0,36.0
3c86356d-1f09-38ea-a67b-bd45889cf0b6,cd5df908-fd5d-4338-8c35-01a7b3bc9cfb,-0.12687487814752577,51.49947387389904,36.0,0.0,36.0
5f50eb7e-8786-360f-ab67-ed6809b01938,cd5df908-fd5d-4338-8c35-01a7b3bc9cfb,-0.1267880390353996,51.499411041782274,36.0,0.0,36.0
08864aa9-1bbf-35c7-b143-a4ddf97482bc,cd5df908-fd5d-4338-8c35-01a7b3bc9cfb,-0.12710596568275664,51.499388473808345,43.0,0.0,43.0
721fa9fa-9261-35fe-9221-8688d2bf8e08,cd5df908-fd5d-4338-8c35-01a7b3bc9cfb,-0.12706183643265742,51.4993852852868,37.0,0.0,37.0
0b9d4e6f-fff4-3b65-8358-5a1608ec3d9d,cd5df908-fd5d-4338-8c35-01a7b3bc9cfb,-0.12695322651971067,51.49938132748929,37.0,0.0,37.0
e8170c46-2561-3cf7-9261-5f913a0e5642,cd5df908-fd5d-4338-8c35-01a7b3bc9cfb,-0.12698474765338383,51.49938155855187,43.0,0.0,43.0
3cff8598-dcbd-30e6-a7bb-34a58c3c4ab5,cd5df908-fd5d-4338-8c35-01a7b3bc9cfb,-0.12687225276372263,51.49939424069526,37.0,0.0,37.0
3a3a1c85-2724-3858-ab2e-8e8bdf933e90,cd5df908-fd5d-4338-8c35-01a7b3bc9cfb,-0.1267472480659105,51.4993667223526,15.0,0.0,15.0
e40210ce-a7c2-3abf-bab7-9cc8b37b6e93,cd5df908-fd5d-4338-8c35-01a7b3bc9cfb,-0.12687937910979574,51.49935381843225,37.0,0.0,37.0
9164ea82-5cec-3c5f-be97-80da063aae4d,cd5df908-fd5d-4338-8c35-01a7b3bc9cfb,-0.1269552637849483,51.49937520721334,37.0,0.0,37.0
c2a87e7b-6861-3ab1-8585-d8eb542b15a1,cd5df908-fd5d-4338-8c35-01a7b3bc9cfb,-0.1269383501709436,51.499375904204676,23.0,0.0,23.0
f424b297-42ac-3d10-b71d-a1bbfa53c943,cd5df908-fd5d-4338-8c35-01a7b3bc9cfb,-0.12713242734838764,51.49938995630557,37.0,0.0,37.0
8a8c2838-1f70-3d60-b98d-32e86191cc36,cd5df908-fd5d-4338-8c35-01a7b3bc9cfb,-0.12732192911132048,51.49940087683979,51.0,0.0,51.0
c524ac00-f47c-3d1c-b826-5520fe7372d8,cd5df908-fd5d-4338-8c35-01a7b3bc9cfb,-0.1279139391574184,51.4993464497383,23.0,0.0,23.0
f44412f4-ec84-3844-a8cf-69ddf782a2fb,cd5df908-fd5d-4338-8c35-01a7b3bc9cfb,-0.12810694806524023,51.49933125008122,36.0,0.0,36.0
cc094eea-4eff-38ff-98d3-1ab8f640dd3d,cd5df908-fd5d-4338-8c35-01a7b3bc9cfb,-0.12818789973409525,51.49933610035959,36.0,0.0,36.0
c60753b5-b09d-39c7-8efc-c89d3035fc76,cd5df908-fd5d-4338-8c35-01a7b3bc9cfb,-0.12802257344919593,51.49932755465417,36.0,0.0,36.0
d4086f52-2c96-3ade-95c8-2215e3dedd2f,cd5df908-fd5d-4338-8c35-01a7b3bc9cfb,-0.1279385764416898,51.49932369533284,36.0,0.0,36.0
24bb39d9-bd55-3e44-9e27-90c9bdc97a41,cd5df908-fd5d-4338-8c35-01a7b3bc9cfb,-0.12810945000042678,51.49931409999958,25.0,0.0,25.0
5b62a2ce-de2f-3233-a921-fcc5336c185d,cd5df908-fd5d-4338-8c35-01a7b3bc9cfb,-0.12819035000041804,51.499319199999576,25.0,0.0,25.0
33bdc888-1226-3368-bc56-ff0d55970ea3,cd5df908-fd5d-4338-8c35-01a7b3bc9cfb,-0.12811177172438246,51.49929780107039,15.0,0.0,15.0
73cddc2e-bba6-3b42-9cbd-5fdedd0f7c36,cd5df908-fd5d-4338-8c35-01a7b3bc9cfb,-0.1281113280943661,51.499301098841855,20.0,0.0,20.0
6d966a4d-12f3-388e-bb60-be1d7ee5a477,cd5df908-fd5d-4338-8c35-01a7b3bc9cfb,-0.1281927720954067,51.49930275135761,15.0,0.0,15.0
3a7f0dc3-2f08-3ba5-814f-2c5d134d09ab,cd5df908-fd5d-4338-8c35-01a7b3bc9cfb,-0.12819218105021923,51.4993063707965,20.0,0.0,20.0
8a51d438-02a5-36d9-ae3e-20a260375e64,6c106221-8046-4cc8-ac10-3d35e8b0ea0f,-0.1281933270971491,51.499299270616376,10.0,0.0,10.0
ab968851-c592-3469-84dc-571c2f7ac2ac,cd5df908-fd5d-4338-8c35-01a7b3bc9cfb,-0.12811226415938023,51.49929464087541,10.0,0.0,10.0
9256fb0f-b95d-3078-8a07-1455c595dc2d,cd5df908-fd5d-4338-8c35-01a7b3bc9cfb,-0.12802715478291263,51.49929719335213,25.0,0.0,25.0
34993338-eb79-3eca-89c1-52f733bbd926,cd5df908-fd5d-4338-8c35-01a7b3bc9cfb,-0.12794286011184008,51.4992927604322,25.0,0.0,25.0
b1250a53-c6ff-3c99-a9e3-a1bf4603baea,cd5df908-fd5d-4338-8c35-01a7b3bc9cfb,-0.12782665236957452,51.49929314979224,7.0,0.0,7.0
41f506e5-2eff-31de-8be0-bcfca8310137,cd5df908-fd5d-4338-8c35-01a7b3bc9cfb,-0.12777265000001076,51.499314400000195,36.0,0.0,36.0
8038521d-8ebd-35ad-87ef-e6e955420966,cd5df908-fd5d-4338-8c35-01a7b3bc9cfb,-0.12785485000000787,51.49931905000019,36.0,0.0,36.0
33c00c32-dcf9-31fc-9da5-3d082bc5f6b5,cd5df908-fd5d-4338-8c35-01a7b3bc9cfb,-0.12768905000000955,51.49930815000019,36.0,0.0,36.0
eaf03ce6-6ea2-3e99-8b91-3256e41bee1f,cd5df908-fd5d-4338-8c35-01a7b3bc9cfb,-0.1275307156354321,51.499300408921506,36.0,0.0,36.0
0a447cc4-24d9-37dd-b37d-7351de9284c0,cd5df908-fd5d-4338-8c35-01a7b3bc9cfb,-0.1276064499999976,51.49930315000021,36.0,0.0,36.0
7635abab-5e5b-3dfc-a515-7418d5c15e10,cd5df908-fd5d-4338-8c35-01a7b3bc9cfb,-0.12680010520944,51.499326488478175,36.0,0.0,36.0
7520d4ec-98a3-341b-aa5a-04b958b8b88c,cd5df908-fd5d-4338-8c35-01a7b3bc9cfb,-0.12690238183887814,51.499273316203514,36.0,0.0,36.0
a9856612-5874-3c66-a2de-f9e444f693b7,cd5df908-fd5d-4338-8c35-01a7b3bc9cfb,-0.12707832632821456,51.49927644509654,36.0,0.0,36.0
7d0a5c3d-afda-38d1-aaf5-781e9259b774,cd5df908-fd5d-4338-8c35-01a7b3bc9cfb,-0.12703617152983987,51.49927667768045,36.0,0.0,36.0
ab39c7ea-8abf-35f8-98db-69d9f83a2bf8,cd5df908-fd5d-4338-8c35-01a7b3bc9cfb,-0.12714870314970705,51.49927954013641,36.0,0.0,36.0
1f1896b4-48e1-3377-8c91-234c38579950,cd5df908-fd5d-4338-8c35-01a7b3bc9cfb,-0.12733876842287412,51.49928994385066,37.0,0.0,37.0
e4e27047-9f55-3bc1-ae47-33619c676d03,cd5df908-fd5d-4338-8c35-01a7b3bc9cfb,-0.12734611935788512,51.49923670076123,43.0,0.0,43.0
6688481d-9c8a-3a5f-b5a1-fef1ebd330e7,cd5df908-fd5d-4338-8c35-01a7b3bc9cfb,-0.12734299994722847,51.49924090014599,37.0,0.0,37.0
285e9464-e5af-3ff4-97e4-e8af7ca6a0fc,cd5df908-fd5d-4338-8c35-01a7b3bc9cfb,-0.12676635000000644,51.499232850000176,26.0,0.0,26.0
3f190b31-f950-3ffc-bcba-5c7de489d9e9,cd5df908-fd5d-4338-8c35-01a7b3bc9cfb,-0.12688112225255857,51.49922724564699,26.0,0.0,26.0
0e80a459-0dae-3ad1-a9ba-57ea004724b1,cd5df908-fd5d-4338-8c35-01a7b3bc9cfb,-0.12704759999991544,51.49920900000014,26.0,0.0,26.0
7c53a49d-eb44-38d0-bf58-3e8e721b7dfd,cd5df908-fd5d-4338-8c35-01a7b3bc9cfb,-0.12682839999998374,51.49921870000017,26.0,0.0,26.0
879ef86b-47e9-3612-bab2-85d51c616269,cd5df908-fd5d-4338-8c35-01a7b3bc9cfb,-0.12691655037919972,51.499198183356874,26.0,0.0,26.0
e35fa0c9-e383-3855-aa04-0884b1a1a46f,cd5df908-fd5d-4338-8c35-01a7b3bc9cfb,-0.12698395000001347,51.499187950000085,26.0,0.0,26.0
180d17f7-8a8b-39f6-9af9-bf86a5a3a15d,97d5c937-2633-48f0-a82d-6b0ab1550034,-0.1270112471908344,51.49918231098,23.0,0.0,23.0
19ed68d7-9420-38cb-8396-abb0129fbbca,97d5c937-2633-48f0-a82d-6b0ab1550034,-0.12704571167689327,51.499191950025086,23.0,0.0,23.0
16fcc40f-22ef-3e5f-8081-334a45ea8d2c,97d5c937-2633-48f0-a82d-6b0ab1550034,-0.127080155051962,51.49918485423339,23.0,0.0,23.0
81b15bf4-5829-326c-ad6d-09fb02565eb4,cd5df908-fd5d-4338-8c35-01a7b3bc9cfb,-0.127123450000152,51.499174749999796,15.0,0.0,15.0
ef78e126-9819-387a-ad2a-259fb62e9cee,cd5df908-fd5d-4338-8c35-01a7b3bc9cfb,-0.12715622048384678,51.49917664878665,36.0,0.0,36.0
584538a9-7898-374a-b395-befc80ee836c,cd5df908-fd5d-4338-8c35-01a7b3bc9cfb,-0.12713020000015363,51.49917514999981,20.0,0.0,20.0
7515eb18-0317-3982-9e54-5b200fd1383f,cd5df908-fd5d-4338-8c35-01a7b3bc9cfb,-0.127140373377697,51.49917575722273,25.0,0.0,25.0
7bf58783-b2b6-3ecf-a3a9-58bc2a027d04,cd5df908-fd5d-4338-8c35-01a7b3bc9cfb,-0.12735272647988782,51.499187797523845,37.0,0.0,37.0
53c16d12-45c5-3fea-b7c2-bc0bf3de85af,cd5df908-fd5d-4338-8c35-01a7b3bc9cfb,-0.1272045242486221,51.49920497060122,23.0,0.0,23.0
fd189441-3e15-3a8c-874c-879b293359af,cd5df908-fd5d-4338-8c35-01a7b3bc9cfb,-0.12714707644144815,51.49922964502473,36.0,0.0,36.0
2b1f66eb-8ec9-383a-b4d4-9621433acb1b,cd5df908-fd5d-4338-8c35-01a7b3bc9cfb,-0.1271333000001542,51.4992288999998,25.0,0.0,25.0
b8244adc-1fd5-312c-9268-6a5e7e8dd84b,cd5df908-fd5d-4338-8c35-01a7b3bc9cfb,-0.12749293308094042,51.49922171784207,23.0,0.0,23.0
a7a668da-ed94-3385-a75e-ca3e7a9c14af,cd5df908-fd5d-4338-8c35-01a7b3bc9cfb,-0.1276167230482131,51.49922505189246,10.0,0.0,10.0
a12018b9-2e1a-38da-a2a9-ff37e93020b9,cd5df908-fd5d-4338-8c35-01a7b3bc9cfb,-0.1276160999998737,51.499229800000414,15.0,0.0,15.0
0f43a51a-31e8-36f4-b606-c1b9335728e9,cd5df908-fd5d-4338-8c35-01a7b3bc9cfb,-0.12769914999986764,51.4992336000004,15.0,0.0,15.0
1a482119-15d1-3295-af4b-76773530c063,cd5df908-fd5d-4338-8c35-01a7b3bc9cfb,-0.12769974999987263,51.499229300000394,10.0,0.0,10.0
2071ba16-5a05-368d-9f06-e65142a716e5,cd5df908-fd5d-4338-8c35-01a7b3bc9cfb,-0.12757965000015928,51.49920054999977,20.0,0.0,20.0
e048a38f-f1bd-3e35-a5c6-fdf0000370d6,cd5df908-fd5d-4338-8c35-01a7b3bc9cfb,-0.12754692430147885,51.49919875157016,36.0,0.0,36.0
bec47a81-98df-3b8f-97cd-358c49943811,cd5df908-fd5d-4338-8c35-01a7b3bc9cfb,-0.12756627646122298,51.4991997949681,25.0,0.0,25.0
d2a2e0ec-e2f6-3702-87a3-6740d55d9236,cd5df908-fd5d-4338-8c35-01a7b3bc9cfb,-0.12759117209423754,51.49920121899569,10.0,0.0,10.0
e1203d18-3d13-3d7d-8f04-200e76497a46,cd5df908-fd5d-4338-8c35-01a7b3bc9cfb,-0.12758575000016972,51.49920089999975,15.0,0.0,15.0
831edf20-5784-374e-9ad0-1105a9d01cb3,cd5df908-fd5d-4338-8c35-01a7b3bc9cfb,-0.12803430050478928,51.49924975075781,10.0,0.0,10.0
9f2d5908-782a-344f-87d4-a1dc132a67b5,cd5df908-fd5d-4338-8c35-01a7b3bc9cfb,-0.1280336499998572,51.49925405000041,15.0,0.0,15.0
23ab0dd3-d24b-3874-a505-3c6cb3aae7e5,cd5df908-fd5d-4338-8c35-01a7b3bc9cfb,-0.12803297751448703,51.499258498362984,20.0,0.0,20.0
78417a0b-3fb5-3421-8dde-59f80f7f15ab,cd5df908-fd5d-4338-8c35-01a7b3bc9cfb,-0.1278636999999938,51.4992560000002,26.0,0.0,26.0
bbf2bf5a-03ef-3d7d-a371-0b89237db053,cd5df908-fd5d-4338-8c35-01a7b3bc9cfb,-0.12794718705374572,51.49926138141493,26.0,0.0,26.0
b8ba5ea6-a153-3c8e-bd88-ded6975289ae,cd5df908-fd5d-4338-8c35-01a7b3bc9cfb,-0.12794899999986464,51.499248100000415,15.0,0.0,15.0
5af3427b-3dbc-33c2-8ef4-f4d1c9608998,cd5df908-fd5d-4338-8c35-01a7b3bc9cfb,-0.12794831353399783,51.49925277288873,20.0,0.0,20.0
b176a60b-139b-3027-a779-0ea8496ca24e,cd5df908-fd5d-4338-8c35-01a7b3bc9cfb,-0.12786483753118333,51.499248127198804,20.0,0.0,20.0
bd4f66f3-5486-35ea-abfc-6081d2459ac5,cd5df908-fd5d-4338-8c35-01a7b3bc9cfb,-0.12786541628183412,51.49924342295893,15.0,0.0,15.0
e633f6d2-cf26-39e7-9c81-37b6eb65c10d,cd5df908-fd5d-4338-8c35-01a7b3bc9cfb,-0.12794964999988367,51.4992434000004,10.0,0.0,10.0
11fac385-5d8f-3222-ac9b-31bbb2c71a32,cd5df908-fd5d-4338-8c35-01a7b3bc9cfb,-0.12786614999987952,51.499238550000385,10.0,0.0,10.0
c6d4e1c8-0d9d-3470-b00e-0afcbb35f186,cd5df908-fd5d-4338-8c35-01a7b3bc9cfb,-0.12778344999986535,51.49923965000041,15.0,0.0,15.0
f2ea7563-29db-30ec-961a-b7075bcae68e,cd5df908-fd5d-4338-8c35-01a7b3bc9cfb,-0.12778406546257187,51.49923487279987,10.0,0.0,10.0
bd2ef041-0c5d-3a4c-b33b-cb27d5f48e64,cd5df908-fd5d-4338-8c35-01a7b3bc9cfb,-0.12778283674689134,51.49924427732371,20.0,0.0,20.0
eae3fb9d-739b-367c-a0f6-f2b40ce5521a,cd5df908-fd5d-4338-8c35-01a7b3bc9cfb,-0.1276975500000022,51.49924550000017,26.0,0.0,26.0
562190bf-ddf6-3e8b-b3a4-810c84e073ea,cd5df908-fd5d-4338-8c35-01a7b3bc9cfb,-0.12769859999987668,51.4992376500004,20.0,0.0,20.0
2a6a653e-eeb3-399c-b341-e27049025aaa,cd5df908-fd5d-4338-8c35-01a7b3bc9cfb,-0.12761549999987865,51.49923435000043,20.0,0.0,20.0
43a2d37a-27ff-37a0-9f1a-ab274b8cf33b,cd5df908-fd5d-4338-8c35-01a7b3bc9cfb,-0.1276143763272612,51.49924284499582,26.0,0.0,26.0
da396d21-5a1a-31a2-ba26-48ea8361fc28,cd5df908-fd5d-4338-8c35-01a7b3bc9cfb,-0.12758245705442903,51.49925475532644,10.0,0.0,10.0
dd12f25c-ae06-3cec-ac26-fef40a6c8a46,cd5df908-fd5d-4338-8c35-01a7b3bc9cfb,-0.12757703125860068,51.49925440934664,15.0,0.0,15.0
c15984be-b98f-3b59-9af2-d0aab5bb004b,cd5df908-fd5d-4338-8c35-01a7b3bc9cfb,-0.127570950000157,51.49925404999979,20.0,0.0,20.0
50d10300-c21e-3aac-8118-b2e514e57beb,cd5df908-fd5d-4338-8c35-01a7b3bc9cfb,-0.12753812473707438,51.49925214953699,36.0,0.0,36.0
cb9ecca7-eb1e-332c-bea9-df3f6524ce76,cd5df908-fd5d-4338-8c35-01a7b3bc9cfb,-0.12755756016873473,51.49925327851357,25.0,0.0,25.0
3a43c3a2-bc26-3a09-8361-735aa612f0a2,cd5df908-fd5d-4338-8c35-01a7b3bc9cfb,-0.12778159999999059,51.49925230000022,26.0,0.0,26.0
8d4d9669-1aae-349f-bc59-e2cc86baf4d3,cd5df908-fd5d-4338-8c35-01a7b3bc9cfb,-0.12769330955594246,51.49927682114185,25.0,0.0,25.0
9e5a3e1e-507a-32a6-978b-1aba21151396,cd5df908-fd5d-4338-8c35-01a7b3bc9cfb,-0.12761037186233382,51.49927320991279,25.0,0.0,25.0
7cedda7c-115f-395a-ba3e-296ff8dc727b,cd5df908-fd5d-4338-8c35-01a7b3bc9cfb,-0.12777715148738633,51.49928315280942,25.0,0.0,25.0
cae415db-cec0-3ffe-84b3-eb2a47e1844d,cd5df908-fd5d-4338-8c35-01a7b3bc9cfb,-0.12785930629679426,51.49928740598725,25.0,0.0,25.0
2f804612-4cd0-3fef-aae1-67214956009a,cd5df908-fd5d-4338-8c35-01a7b3bc9cfb,-0.12803175000000858,51.49926670000017,26.0,0.0,26.0
8ad9168f-e280-317f-9333-c54b5f66284a,cd5df908-fd5d-4338-8c35-01a7b3bc9cfb,-0.1275699368740671,51.49913305348988,40.0,0.0,40.0
9c3ca605-6322-37e5-862a-e6c2ba345625,cd5df908-fd5d-4338-8c35-01a7b3bc9cfb,-0.12756582015470916,51.49912968941778,23.0,0.0,23.0
91ede720-bf6e-3a4a-9b3a-185f6a1f21b8,cd5df908-fd5d-4338-8c35-01a7b3bc9cfb,-0.12750535638186322,51.49912826999186,32.0,0.0,32.0
0eb0db5f-0873-3539-bc7c-8760aa48dcad,cd5df908-fd5d-4338-8c35-01a7b3bc9cfb,-0.12745416838490947,51.49912994852641,47.0,0.0,47.0
7b13da8e-115e-3a31-a520-df7700ff6c03,cd5df908-fd5d-4338-8c35-01a7b3bc9cfb,-0.1273616381300429,51.49912789295562,44.0,0.0,44.0
001c3c18-c90c-3aa1-ba4c-e74a7f3315b4,cd5df908-fd5d-4338-8c35-01a7b3bc9cfb,-0.12727058911348738,51.499119307881735,47.0,0.0,47.0
1d3f2ae9-0465-3ec3-832b-d1dca66d59fb,cd5df908-fd5d-4338-8c35-01a7b3bc9cfb,-0.12711695403482806,51.499174377604895,10.0,0.0,10.0
210705b0-e737-39d7-b1f1-6ad1fa9c0e7e,97d5c937-2633-48f0-a82d-6b0ab1550034,-0.12704856765080744,51.499161724440945,25.0,0.0,25.0
a953bf7d-45fc-3f4c-89e7-8770e3de518c,97d5c937-2633-48f0-a82d-6b0ab1550034,-0.12709842762814005,51.49916463054116,23.0,0.0,23.0
d99ef5a5-6ddc-3739-a242-7607d11cc51a,97d5c937-2633-48f0-a82d-6b0ab1550034,-0.1270481770401204,51.499161787768635,21.0,0.0,21.0
1f5cdcc4-9342-37ef-9796-8cc34cd0c8e8,408f5d8f-4de6-44d2-8d78-12851a5cc81a,-0.12693311770671628,51.49916627266184,14.0,0.0,14.0
b44a6917-8285-3e7f-a5b2-f82b4cbf8ac9,97d5c937-2633-48f0-a82d-6b0ab1550034,-0.1269991252266919,51.499161534864065,23.0,0.0,23.0
cf23caba-d919-3133-a703-579afe3e6172,97d5c937-2633-48f0-a82d-6b0ab1550034,-0.12701566234976797,51.49913982291234,23.0,0.0,23.0
31339262-60e5-37b1-ba65-3a2622cc9afb,97d5c937-2633-48f0-a82d-6b0ab1550034,-0.1270852836424667,51.49914219004966,23.0,0.0,23.0
9a958362-0d21-3327-828c-9b14c5115a18,408f5d8f-4de6-44d2-8d78-12851a5cc81a,-0.12696578868443087,51.499132387333994,14.0,0.0,14.0
5328414e-d13f-3e8e-a690-6d18dc6d233d,97d5c937-2633-48f0-a82d-6b0ab1550034,-0.12705047150544582,51.49913142545149,23.0,0.0,23.0
864c037d-7b8e-3066-8ee5-1c455ebf1ff6,408f5d8f-4de6-44d2-8d78-12851a5cc81a,-0.12699368661408653,51.49910350014935,27.0,0.0,27.0
816e25fd-ece8-309c-ad6c-2ca2a0371f35,cd5df908-fd5d-4338-8c35-01a7b3bc9cfb,-0.12716222237747415,51.49910800079343,40.0,0.0,40.0
2834a891-a883-3967-9d0c-68451ebb4de9,cd5df908-fd5d-4338-8c35-01a7b3bc9cfb,-0.12727833579126407,51.499104549427216,34.0,0.0,34.0
c16cb4b8-040d-39c2-8171-7f5f29f8fcab,cd5df908-fd5d-4338-8c35-01a7b3bc9cfb,-0.12722135862836234,51.49911199860812,32.0,0.0,32.0
05627549-5ee6-3e69-b699-7e3e04c3dc28,cd5df908-fd5d-4338-8c35-01a7b3bc9cfb,-0.12736310930404485,51.49911826376753,34.0,0.0,34.0
3044131b-bdef-34e8-91b2-a21f775246b8,cd5df908-fd5d-4338-8c35-01a7b3bc9cfb,-0.1274516869535527,51.499115327241725,34.0,0.0,34.0
861a2e49-08fc-3761-81e0-86b2e685f184,cd5df908-fd5d-4338-8c35-01a7b3bc9cfb,-0.12745242253259353,51.49910985154907,30.0,0.0,30.0
fd7e4e67-7cc6-3392-a994-d0a5a4a494be,cd5df908-fd5d-4338-8c35-01a7b3bc9cfb,-0.12745352676468555,51.499102497363346,25.0,0.0,25.0
6d8e7b24-6b8d-3a89-8c52-2f7c497a0fa2,cd5df908-fd5d-4338-8c35-01a7b3bc9cfb,-0.12745492847943163,51.49909262335109,18.0,0.0,18.0
d4ceb7d1-750f-318a-aef9-69d1e3840f15,cd5df908-fd5d-4338-8c35-01a7b3bc9cfb,-0.1272802288001589,51.49909182699802,25.0,0.0,25.0
1e025119-ca98-31f5-bb5f-2e920d9d3178,cd5df908-fd5d-4338-8c35-01a7b3bc9cfb,-0.12727915636397186,51.49909867226938,30.0,0.0,30.0
0b310ddb-4d38-3bca-9f73-95f83b4c0aad,cd5df908-fd5d-4338-8c35-01a7b3bc9cfb,-0.12728164999984012,51.49908200000066,18.0,0.0,18.0
94c357eb-c6d1-315a-8b8e-1656b608ab37,408f5d8f-4de6-44d2-8d78-12851a5cc81a,-0.12719417818472054,51.49906905204632,27.0,0.0,27.0
15ae0fbe-b677-3c30-8a92-b5b445f58cd0,408f5d8f-4de6-44d2-8d78-12851a5cc81a,-0.1268266695258596,51.499068797881634,14.0,0.0,14.0
b64678de-1db8-388d-bdf5-4f123501ef66,358eb2c0-fa53-4607-a2cb-c2c4ba4e60a9,-0.12535227738736265,51.49906719038834,20.0,0.0,20.0
a3b9cfae-01ab-35f0-b1e0-8c96e5f5d12e,358eb2c0-fa53-4607-a2cb-c2c4ba4e60a9,-0.12535179773047864,51.4990670570204,23.5,0.0,23.5
dba252cf-29e5-3078-bf73-2b959dfb83cc,358eb2c0-fa53-4607-a2cb-c2c4ba4e60a9,-0.1253432441817637,51.49911055182559,23.5,0.0,23.5
b5c0a81b-ef4d-3499-8a9a-7d73d3db200e,358eb2c0-fa53-4607-a2cb-c2c4ba4e60a9,-0.12534368290806486,51.49911061654802,20.0,0.0,20.0
45203f8f-4482-3674-a7c8-faeb54bae165,358eb2c0-fa53-4607-a2cb-c2c4ba4e60a9,-0.1253381316540477,51.499131972745595,20.0,0.0,20.0
dafdc80d-e531-3695-b451-ceba78fe3a8b,358eb2c0-fa53-4607-a2cb-c2c4ba4e60a9,-0.12526763808128827,51.49914540601463,24.0,0.0,24.0
fe1651da-70d1-3f94-84bc-f7cfd5eaf490,358eb2c0-fa53-4607-a2cb-c2c4ba4e60a9,-0.12533391940307784,51.499153706739804,23.5,0.0,23.5
3b66b164-7992-383e-b1a4-7e71282b4a2b,358eb2c0-fa53-4607-a2cb-c2c4ba4e60a9,-0.12533470596272078,51.4991541235024,20.0,0.0,20.0
248b2fb5-2427-3a36-82ac-6831cf79d1d4,cd5df908-fd5d-4338-8c35-01a7b3bc9cfb,-0.12651629363792594,51.49925555498066,20.0,0.0,20.0
0fadfd8d-4599-3a04-975b-cd07cace15b0,cd5df908-fd5d-4338-8c35-01a7b3bc9cfb,-0.12645476064498318,51.49925242572797,20.0,0.0,20.0
b47c2e70-cbbd-3876-b7a9-b1fea0e053bd,cd5df908-fd5d-4338-8c35-01a7b3bc9cfb,-0.12657713943263066,51.499258899276974,20.0,0.0,20.0
7e9ee734-b694-3c84-a400-338cc14d7ad2,cd5df908-fd5d-4338-8c35-01a7b3bc9cfb,-0.1267007918801542,51.49926409576758,20.0,0.0,20.0
791e9f27-5bf1-3226-b449-b27257a30be4,cd5df908-fd5d-4338-8c35-01a7b3bc9cfb,-0.12663917043335465,51.49926139620618,20.0,0.0,20.0
9337a270-5cbd-3086-ad5e-3be36f8f6879,cd5df908-fd5d-4338-8c35-01a7b3bc9cfb,-0.12672760000002736,51.49927085000007,26.0,0.0,26.0
7e84c88a-aa23-39c0-878c-041fdb683062,cd5df908-fd5d-4338-8c35-01a7b3bc9cfb,-0.1266977966748663,51.49929117268181,20.0,0.0,20.0
19cbbc99-753a-3f66-8a55-cd89f0b4f9eb,cd5df908-fd5d-4338-8c35-01a7b3bc9cfb,-0.12663634036422067,51.49928839987963,20.0,0.0,20.0
fd6cb91b-f556-3902-adee-92cadb639930,cd5df908-fd5d-4338-8c35-01a7b3bc9cfb,-0.12657430705298947,51.499285404422906,20.0,0.0,20.0
cdc7e30d-4a7e-3d95-9b5b-7149bc724291,cd5df908-fd5d-4338-8c35-01a7b3bc9cfb,-0.12651350353750312,51.499282177082264,20.0,0.0,20.0
7a73e3f5-1067-321c-955b-d0ef9a150c15,cd5df908-fd5d-4338-8c35-01a7b3bc9cfb,-0.1264520070878678,51.499279004141954,20.0,0.0,20.0
b24c0ee2-ae7d-3b18-ae8d-8026dccd8e11,cd5df908-fd5d-4338-8c35-01a7b3bc9cfb,-0.12636271367820612,51.49927988384064,20.0,0.0,20.0
d0190344-3f38-3fa9-bb17-c911e0bfeea1,cd5df908-fd5d-4338-8c35-01a7b3bc9cfb,-0.12636942664158834,51.49929074288981,28.0,0.0,28.0
28763fc0-ea7b-3f0b-83ef-1e2fdb798299,cd5df908-fd5d-4338-8c35-01a7b3bc9cfb,-0.1263494266487999,51.49925826624994,20.0,0.0,20.0
685aa405-f6de-3cab-aa0c-13645c73809e,358eb2c0-fa53-4607-a2cb-c2c4ba4e60a9,-0.12530726304397563,51.49928952973691,23.5,0.0,23.5
e693ac2b-8aaf-33a4-970f-67a16942154a,358eb2c0-fa53-4607-a2cb-c2c4ba4e60a9,-0.12531703261398264,51.49924386963526,20.0,0.0,20.0
892ecf70-1d6e-32a7-a0a1-1e6f396ef8a4,358eb2c0-fa53-4607-a2cb-c2c4ba4e60a9,-0.12531663276903177,51.49924393621423,23.5,0.0,23.5
44982753-bfef-3420-af8f-2472f04508ba,358eb2c0-fa53-4607-a2cb-c2c4ba4e60a9,-0.12532078331029245,51.499220922913906,20.0,0.0,20.0
3bb38ac0-0eeb-311a-ae13-d75352f06e83,358eb2c0-fa53-4607-a2cb-c2c4ba4e60a9,-0.12532579887348153,51.499197951852715,20.0,0.0,20.0
d8b8bd4a-b108-327f-874b-e51fcb566de9,358eb2c0-fa53-4607-a2cb-c2c4ba4e60a9,-0.1253248804042524,51.49919774333855,23.5,0.0,23.5
743c1206-145e-3db5-98b6-a6ed69c69d54,358eb2c0-fa53-4607-a2cb-c2c4ba4e60a9,-0.12506035448815436,51.49919560843182,20.0,0.0,20.0
429079b7-1650-3e35-ad45-1b790c652c12,358eb2c0-fa53-4607-a2cb-c2c4ba4e60a9,-0.12465535523061196,51.49921899372541,10.0,0.0,10.0
c04bce6f-1d8e-322d-8031-5be3693cc22d,358eb2c0-fa53-4607-a2cb-c2c4ba4e60a9,-0.12488965960356455,51.49921849415869,10.0,0.0,10.0
01c93f95-0c8e-332e-b7cd-aa89336245c8,358eb2c0-fa53-4607-a2cb-c2c4ba4e60a9,-0.1251443342812478,51.49928423967755,24.0,0.0,24.0
db36e53b-3387-384c-b469-2ac54230b8b3,358eb2c0-fa53-4607-a2cb-c2c4ba4e60a9,-0.1248127675706317,51.49929053041939,27.0,0.0,27.0
873ab153-0122-33d2-ac24-3d5362541d0c,358eb2c0-fa53-4607-a2cb-c2c4ba4e60a9,-0.12467864999992839,51.49927984999979,27.0,0.0,27.0
2db177a3-3a99-3f86-90b4-1b169416cd7b,358eb2c0-fa53-4607-a2cb-c2c4ba4e60a9,-0.12423759056574195,51.49928605922382,27.0,0.0,27.0
c164e731-98ae-31c0-805b-fa078dca7ff4,358eb2c0-fa53-4607-a2cb-c2c4ba4e60a9,-0.12430083676963903,51.49927575133496,24.0,0.0,24.0
e31839ba-4123-3cf4-a3ae-39333aefef6f,358eb2c0-fa53-4607-a2cb-c2c4ba4e60a9,-0.12406134153848046,51.499259733198485,29.5,0.0,29.5
77c1018c-c3ba-39b4-98af-04a198a16451,358eb2c0-fa53-4607-a2cb-c2c4ba4e60a9,-0.12407231950474795,51.49920742838083,29.5,0.0,29.5
a6acd631-7a12-3bea-9817-5a83063abe4f,358eb2c0-fa53-4607-a2cb-c2c4ba4e60a9,-0.124371506524682,51.499181022657986,10.0,0.0,10.0
63ee69b5-1353-33aa-be7b-bc59f2f5ce80,358eb2c0-fa53-4607-a2cb-c2c4ba4e60a9,-0.12408253898655765,51.49915771864587,29.5,0.0,29.5
6cd2f857-f479-3dd0-a03c-6e858f86575d,358eb2c0-fa53-4607-a2cb-c2c4ba4e60a9,-0.12431448889813984,51.49913797154424,24.0,0.0,24.0
bf434cd7-648a-3824-b745-d062ede36752,358eb2c0-fa53-4607-a2cb-c2c4ba4e60a9,-0.1242837271154809,51.4991341130919,20.0,0.0,20.0
9f2c6f31-abbc-35f6-8b2b-d491d5b95dd9,358eb2c0-fa53-4607-a2cb-c2c4ba4e60a9,-0.12476742117388383,51.499171211328814,27.0,0.0,27.0
98a39314-36c2-3960-bbdf-4a604d159a2e,358eb2c0-fa53-4607-a2cb-c2c4ba4e60a9,-0.12466492909512389,51.49910793502363,20.0,0.0,20.0
c6ee657f-c850-35bc-8f78-ff8cd2adaa12,358eb2c0-fa53-4607-a2cb-c2c4ba4e60a9,-0.12452280485336276,51.49909367147847,20.0,0.0,20.0
39e59d4a-2475-36f7-a7d8-afed3b6e94d8,358eb2c0-fa53-4607-a2cb-c2c4ba4e60a9,-0.12507892700377854,51.49910195240466,15.0,0.0,15.0
43fbdc6b-b9be-3a66-95ca-cc8765cd89f6,358eb2c0-fa53-4607-a2cb-c2c4ba4e60a9,-0.12490224999991066,51.49908115000052,50.5,0.0,50.5
d09da1bd-f1e1-3aa7-8131-c263f1d646ac,358eb2c0-fa53-4607-a2cb-c2c4ba4e60a9,-0.12490170000005486,51.49908115000462,46.0,0.0,46.0
4b698e4c-6f02-381f-bc48-7017d05be75d,358eb2c0-fa53-4607-a2cb-c2c4ba4e60a9,-0.12490173487014444,51.499081176415054,34.0,0.0,34.0
dceac946-7729-3ffe-bf0f-2a4e47f13b5c,358eb2c0-fa53-4607-a2cb-c2c4ba4e60a9,-0.12474061855200935,51.499067514908674,27.0,0.0,27.0
b5210851-71a8-3268-b1c0-d6ebdd87e89f,358eb2c0-fa53-4607-a2cb-c2c4ba4e60a9,-0.12480697485594247,51.499067108291094,24.0,0.0,24.0
7b8d7704-e91e-343b-b544-346a8ac3f9c5,358eb2c0-fa53-4607-a2cb-c2c4ba4e60a9,-0.12424897808521866,51.49906289134594,39.0,0.0,39.0
ea789cb9-e019-3867-a580-5bd281bb4c6e,358eb2c0-fa53-4607-a2cb-c2c4ba4e60a9,-0.12440577310552407,51.499082944040126,24.0,0.0,24.0
8c0f5f77-f8c6-32da-af76-0260ccd4a0a5,358eb2c0-fa53-4607-a2cb-c2c4ba4e60a9,-0.12409252809975492,51.49910861618032,29.5,0.0,29.5
a1110a31-2ee7-3293-bd85-b224efe1f670,358eb2c0-fa53-4607-a2cb-c2c4ba4e60a9,-0.12401140321910928,51.49951356542108,29.5,0.0,29.5
a76c2d71-adf3-3d00-a72e-fda9ae4c2abe,358eb2c0-fa53-4607-a2cb-c2c4ba4e60a9,-0.12419953880258587,51.4994784961053,20.0,0.0,20.0
a4f02595-1c7e-3028-ad48-221d7b7f888f,4e1fe087-7e28-4f60-8a8f-ec77c08e16ad,-0.12520303619642317,51.4995013822396,20.0,0.0,20.0
e736872a-71a6-3882-a76b-0a34d870dff1,4e1fe087-7e28-4f60-8a8f-ec77c08e16ad,-0.12504407799897482,51.49948374490632,20.0,0.0,20.0
1e48a34e-8a87-38e5-a548-a7ec329bacad,4e1fe087-7e28-4f60-8a8f-ec77c08e16ad,-0.12512218931044594,51.49949292212648,20.0,0.0,20.0
a33c1346-5063-300f-9463-66bc78725f3f,4e1fe087-7e28-4f60-8a8f-ec77c08e16ad,-0.12520552181264485,51.49949275290893,29.0,0.0,29.0
4af2fc38-faad-3ef3-997d-b003f2ebcf79,4e1fe087-7e28-4f60-8a8f-ec77c08e16ad,-0.12512476745726955,51.49948377804643,29.0,0.0,29.0
92ee4cb7-54f4-391f-8639-97dacba9c97a,4e1fe087-7e28-4f60-8a8f-ec77c08e16ad,-0.1251052634100706,51.49947642597935,25.0,0.0,25.0
d9d4f335-b4d8-3394-b962-546f57455433,4e1fe087-7e28-4f60-8a8f-ec77c08e16ad,-0.125046699999909,51.49947495000023,29.0,0.0,29.0
f49920e8-4416-3820-83b0-cced3fd65c9d,4e1fe087-7e28-4f60-8a8f-ec77c08e16ad,-0.12496633068649692,51.49947445578713,20.0,0.0,20.0
212448af-c1a1-3a19-be02-892dae4f180c,358eb2c0-fa53-4607-a2cb-c2c4ba4e60a9,-0.12477182865680114,51.49949226646615,27.0,0.0,27.0
390120e0-21d9-3c02-9fe7-f10f7801a476,358eb2c0-fa53-4607-a2cb-c2c4ba4e60a9,-0.124637671360684,51.49948180857892,27.0,0.0,27.0
956dd623-cb84-3b48-9496-29b8d2249d56,358eb2c0-fa53-4607-a2cb-c2c4ba4e60a9,-0.12487852865679572,51.499440866466166,35.0,0.0,35.0
98268728-d333-347b-87c4-82db2ceae7a0,4e1fe087-7e28-4f60-8a8f-ec77c08e16ad,-0.12496862688059217,51.49946617170721,29.0,0.0,29.0
39dc8f3f-24af-376e-973c-f87b676a9b0e,4e1fe087-7e28-4f60-8a8f-ec77c08e16ad,-0.1251189333933538,51.4994258511965,28.0,0.0,28.0
154ad7ad-c071-3c36-b05b-0a1e880aa995,358eb2c0-fa53-4607-a2cb-c2c4ba4e60a9,-0.12455444999993379,51.49941559999978,27.0,0.0,27.0
7f37f082-4847-3896-9ee7-4f8e45041ed2,358eb2c0-fa53-4607-a2cb-c2c4ba4e60a9,-0.12447919297895896,51.499425865044486,10.0,0.0,10.0
a1249767-2d62-3046-9b34-9c6696aa41b9,358eb2c0-fa53-4607-a2cb-c2c4ba4e60a9,-0.12402107613694963,51.49946106196437,29.5,0.0,29.5
e6c08c99-67d5-3b20-9298-d7cf9edc22b5,358eb2c0-fa53-4607-a2cb-c2c4ba4e60a9,-0.12403135668849515,51.499411412430526,29.5,0.0,29.5
23f459a1-9035-3fdf-ac33-9dee9b6256b4,358eb2c0-fa53-4607-a2cb-c2c4ba4e60a9,-0.12421520023517477,51.49940035001517,27.0,0.0,27.0
e272c1b9-ee24-3cf5-849f-1e31dc89d543,358eb2c0-fa53-4607-a2cb-c2c4ba4e60a9,-0.12450513097412717,51.49936789728632,26.0,0.0,26.0
7dbb50d7-7b0a-3884-a705-976c42f7e371,358eb2c0-fa53-4607-a2cb-c2c4ba4e60a9,-0.12404157997905287,51.49936216743022,29.5,0.0,29.5
e6c32141-6b55-34e0-837d-461870f2badb,358eb2c0-fa53-4607-a2cb-c2c4ba4e60a9,-0.12412142269981984,51.49933978496593,28.0,0.0,28.0
acdbd8d4-e5a4-30b4-bb1e-c7b995679b9f,358eb2c0-fa53-4607-a2cb-c2c4ba4e60a9,-0.12405122263703355,51.49931022973758,29.5,0.0,29.5
d85bb041-84e4-31c8-b240-a364a6480e6b,358eb2c0-fa53-4607-a2cb-c2c4ba4e60a9,-0.12448743831379731,51.49930443204783,15.0,0.0,15.0
5851bc4d-f8f6-35f2-825e-ccc623214cd9,358eb2c0-fa53-4607-a2cb-c2c4ba4e60a9,-0.12422565000074647,51.49934700000143,47.0,0.0,47.0
c2d7e939-0e4a-3963-a32f-fa03202c26c8,358eb2c0-fa53-4607-a2cb-c2c4ba4e60a9,-0.12425376552685716,51.499348829380295,28.0,0.0,28.0
447caecb-77e5-347d-a7f4-56daa5e150cb,358eb2c0-fa53-4607-a2cb-c2c4ba4e60a9,-0.12456992914275952,51.49933187447914,27.0,0.0,27.0
22127e36-7fec-3448-a113-521bd76c5092,4e1fe087-7e28-4f60-8a8f-ec77c08e16ad,-0.12500648753924476,51.49934532223821,20.0,0.0,20.0
70876b9d-4f2f-3770-a570-0ae46fe80459,4e1fe087-7e28-4f60-8a8f-ec77c08e16ad,-0.12508345000014734,51.499353150000026,20.0,0.0,20.0
962e7e47-f6a2-3e76-bb72-165efbc9d321,4e1fe087-7e28-4f60-8a8f-ec77c08e16ad,-0.1250803850763844,51.49936327191469,29.0,0.0,29.0
54274505-f20b-383b-bdb7-28b405ecca16,4e1fe087-7e28-4f60-8a8f-ec77c08e16ad,-0.1251624211858564,51.499362155765326,20.0,0.0,20.0
30c04239-ed09-3d29-8aca-7335258c7448,4e1fe087-7e28-4f60-8a8f-ec77c08e16ad,-0.12508639432691146,51.49937008769872,25.0,0.0,25.0
f1ca7663-9184-3d2d-8a1a-dce6e3d08769,4e1fe087-7e28-4f60-8a8f-ec77c08e16ad,-0.12515948316676634,51.499372421959755,29.0,0.0,29.0
e162f584-5c42-366d-ac19-79f0c6a52b00,4e1fe087-7e28-4f60-8a8f-ec77c08e16ad,-0.12500381707916877,51.4993550278682,29.0,0.0,29.0
7a8aaf14-eb74-3ce5-92dd-9d827e6492cd,358eb2c0-fa53-4607-a2cb-c2c4ba4e60a9,-0.12489533603827906,51.499357392541306,35.0,0.0,35.0
9f023495-0207-323e-870c-3e2c5c32ead7,358eb2c0-fa53-4607-a2cb-c2c4ba4e60a9,-0.1247250961774635,51.49938677182521,49.0,0.0,49.0
df730cb1-633c-3aa5-a927-84884c28e3d2,358eb2c0-fa53-4607-a2cb-c2c4ba4e60a9,-0.12472524768239936,51.49938708825052,59.0,0.0,59.0
113e523a-61b2-3132-8ecd-ae536c7976a4,358eb2c0-fa53-4607-a2cb-c2c4ba4e60a9,-0.12472539993046904,51.49938685003096,59.0,0.0,59.0
2409efa0-3e0b-3817-bc2a-4f80daf38769,358eb2c0-fa53-4607-a2cb-c2c4ba4e60a9,-0.12472535003432515,51.49938685004288,59.0,0.0,59.0
6d5f8c7f-2566-3a3d-9c49-907743013067,358eb2c0-fa53-4607-a2cb-c2c4ba4e60a9,-0.1247252499992927,51.49938664999779,59.5,0.0,59.5
f972e856-74bd-3d77-a58a-e1e32499fb4a,358eb2c0-fa53-4607-a2cb-c2c4ba4e60a9,-0.1247252464672919,51.49938667034499,59.0,0.0,59.0
2fb8d8fd-2a3e-361a-92b8-ba7de36d0950,358eb2c0-fa53-4607-a2cb-c2c4ba4e60a9,-0.12472524841279783,51.49938644166557,78.0,0.0,78.0
33549ccf-9dbf-3f2c-b7f1-9266c6d2a18d,358eb2c0-fa53-4607-a2cb-c2c4ba4e60a9,-0.12472524188144411,51.4993863538039,62.0,0.0,62.0
babcaaa1-c06f-3bac-9254-e117c2afc5dd,358eb2c0-fa53-4607-a2cb-c2c4ba4e60a9,-0.1247248699904078,51.49938629088033,25.0,0.0,25.0
9d53f68e-576c-3595-92d5-cd00788fdda1,358eb2c0-fa53-4607-a2cb-c2c4ba4e60a9,-0.12486602666882408,51.49939794983893,28.0,0.0,28.0
a26c0317-08e0-32e7-9420-39d1e788dbf0,ec5956c2-0ef0-48c0-8924-233ba496f9a6,-0.12537200838210105,51.49939661756799,20.0,0.0,20.0
df3b49da-c28e-38f8-b65b-a234fbfa16a3,4e1fe087-7e28-4f60-8a8f-ec77c08e16ad,-0.1253261368137648,51.49939169429463,20.0,0.0,20.0
b3670864-147d-30b2-985c-369a754662fa,4e1fe087-7e28-4f60-8a8f-ec77c08e16ad,-0.12527994999986836,51.499384749999564,34.0,0.0,34.0
47182ff7-0fd8-3d9a-9d1d-9463b6204f40,4e1fe087-7e28-4f60-8a8f-ec77c08e16ad,-0.1252794182819979,51.49938489286461,24.0,0.0,24.0
78454d0e-08f2-3aee-bb62-d6e0845a213c,ec5956c2-0ef0-48c0-8924-233ba496f9a6,-0.12540051399645094,51.49938943195657,28.0,0.0,28.0
1b687318-cedd-3b28-9a85-c8bc40168ec2,ec5956c2-0ef0-48c0-8924-233ba496f9a6,-0.12550843793668223,51.49940332894926,20.0,0.0,20.0
172a5d5a-bd67-3bcc-8613-e97fdcc98fc6,ec5956c2-0ef0-48c0-8924-233ba496f9a6,-0.12562686067722756,51.49940677791436,6.0,0.0,6.0
7960f285-447f-38d0-95a7-e6b73773751b,ec5956c2-0ef0-48c0-8924-233ba496f9a6,-0.12540323901143244,51.49938017242583,6.0,0.0,6.0
328bebcb-2528-3dc1-9411-44f102564842,358eb2c0-fa53-4607-a2cb-c2c4ba4e60a9,-0.12529781737822757,51.49933513475593,20.0,0.0,20.0
f3ee717f-c4e0-3b3c-a8d0-a2d7783adcfa,358eb2c0-fa53-4607-a2cb-c2c4ba4e60a9,-0.12529696304397595,51.49933492973691,23.5,0.0,23.5
f2605647-7d95-3dfa-b3b0-242ded594c92,358eb2c0-fa53-4607-a2cb-c2c4ba4e60a9,-0.12530226688771423,51.499312267448566,20.0,0.0,20.0
05d915e1-6555-37cf-abfa-fc585b753d07,358eb2c0-fa53-4607-a2cb-c2c4ba4e60a9,-0.12530784914468315,51.4992897017933,20.0,0.0,20.0
9240e799-66c7-3317-b980-fab79f80e50b,cd5df908-fd5d-4338-8c35-01a7b3bc9cfb,-0.126363049999079,51.49934674999665,27.0,0.0,27.0
5bc38886-3e86-398e-a27d-41ea7109ee56,cd5df908-fd5d-4338-8c35-01a7b3bc9cfb,-0.1262616866570224,51.49930390754567,20.0,0.0,20.0
dca68dbb-0edc-328b-89e9-fc3d654fe89a,cd5df908-fd5d-4338-8c35-01a7b3bc9cfb,-0.12629179999770673,51.49931440000124,20.0,0.0,20.0
71651fc0-5ddc-39f8-8942-097e64a01def,cd5df908-fd5d-4338-8c35-01a7b3bc9cfb,-0.12630757384720837,51.49931923022364,28.0,0.0,28.0
657f9021-0cdf-39fd-a224-99c9b3e8e3fa,cd5df908-fd5d-4338-8c35-01a7b3bc9cfb,-0.126450229426151,51.49929490389462,28.0,0.0,28.0
0a5b8025-257c-332f-98cc-61ad7b76bdca,cd5df908-fd5d-4338-8c35-01a7b3bc9cfb,-0.1265115738472127,51.49929803022363,28.0,0.0,28.0
6e0ca234-d607-3ead-a616-5685ca0eb206,cd5df908-fd5d-4338-8c35-01a7b3bc9cfb,-0.1266347955296839,51.49930439606282,28.0,0.0,28.0
da0a604f-404e-314e-bef8-dc4e6e53946a,cd5df908-fd5d-4338-8c35-01a7b3bc9cfb,-0.12657227953331768,51.49930115221089,28.0,0.0,28.0
d70cadfb-926a-3014-8cac-225a3092c953,cd5df908-fd5d-4338-8c35-01a7b3bc9cfb,-0.12671728485783498,51.49931629546767,32.0,0.0,32.0
def980bd-15cc-35e1-8a70-c58badcf587d,cd5df908-fd5d-4338-8c35-01a7b3bc9cfb,-0.12669581680737432,51.49930754744214,28.0,0.0,28.0
0e9faa94-60d2-387c-8b82-aa6959380b8e,cd5df908-fd5d-4338-8c35-01a7b3bc9cfb,-0.12650019951257555,51.49935329095016,12.5,0.0,12.5
65ffe0be-2b0b-329c-ad3e-0ecb237220ba,cd5df908-fd5d-4338-8c35-01a7b3bc9cfb,-0.1265333663742075,51.499355583608875,27.0,0.0,27.0
cbcbec06-b183-3981-bf39-fe076fe1d4b5,cd5df908-fd5d-4338-8c35-01a7b3bc9cfb,-0.12630227953331477,51.49936515221089,28.0,0.0,28.0
0eabd41a-65a1-3beb-9807-e0ba4b1af75e,cd5df908-fd5d-4338-8c35-01a7b3bc9cfb,-0.12625189649189172,51.499374524592824,20.0,0.0,20.0
ed4ac271-baee-3513-a058-eb4eb08f227e,cd5df908-fd5d-4338-8c35-01a7b3bc9cfb,-0.12628470984545534,51.49936908514709,20.0,0.0,20.0
2c81ce26-c783-351b-bf76-f2182b147af4,cd5df908-fd5d-4338-8c35-01a7b3bc9cfb,-0.12635401700115992,51.499402062181574,28.0,0.0,28.0
f30e4928-2655-3701-bd8c-294ed9a8dba3,cd5df908-fd5d-4338-8c35-01a7b3bc9cfb,-0.12643127953331476,51.49940675221091,28.0,0.0,28.0
cfd30cc8-c294-306d-9743-2d8a3f414116,cd5df908-fd5d-4338-8c35-01a7b3bc9cfb,-0.12670419999995175,51.49941334999987,32.0,0.0,32.0
8a505599-b7b4-31a8-98b0-fd547d075dba,cd5df908-fd5d-4338-8c35-01a7b3bc9cfb,-0.1266770468164724,51.49941973905743,28.0,0.0,28.0
5794ff9d-9465-3826-8722-cb6a986e4b36,cd5df908-fd5d-4338-8c35-01a7b3bc9cfb,-0.12661653263118194,51.49941656466677,28.0,0.0,28.0
075f5f0f-ce35-376b-86c7-09308c323b14,cd5df908-fd5d-4338-8c35-01a7b3bc9cfb,-0.1264938249420747,51.4994099999812,28.0,0.0,28.0
25ac0e96-1dd2-370b-b287-86f7e8321829,cd5df908-fd5d-4338-8c35-01a7b3bc9cfb,-0.12655583697649395,51.499413143599526,28.0,0.0,28.0
b4bbcbf3-de90-36cb-aabc-5ab28552bab3,cd5df908-fd5d-4338-8c35-01a7b3bc9cfb,-0.12642989616281297,51.4994214730177,20.0,0.0,20.0
1eee0f25-161e-3bb9-9fa7-010deb5a9135,cd5df908-fd5d-4338-8c35-01a7b3bc9cfb,-0.1264922924174077,51.49942489601438,20.0,0.0,20.0
3a68400b-5dea-3263-be3f-a11cee61b382,cd5df908-fd5d-4338-8c35-01a7b3bc9cfb,-0.12655399239200732,51.49942804601315,20.0,0.0,20.0
fbbba9bb-b666-386e-8fd6-a7260129969f,cd5df908-fd5d-4338-8c35-01a7b3bc9cfb,-0.12661499236642718,51.49943119601191,20.0,0.0,20.0
c86652ee-751c-3d77-99d9-8597f114f947,cd5df908-fd5d-4338-8c35-01a7b3bc9cfb,-0.12667522335289405,51.4994340059762,20.0,0.0,20.0
70defba5-e32d-3ab0-a167-0dbaec4be104,cd5df908-fd5d-4338-8c35-01a7b3bc9cfb,-0.12670406261011202,51.49945437579552,26.0,0.0,26.0
4be5dec2-e6c5-3545-b7e7-64e875d5b352,cd5df908-fd5d-4338-8c35-01a7b3bc9cfb,-0.12667238377030757,51.49945923448667,20.0,0.0,20.0
fdddbe99-a609-3aa0-a5d7-f752caeb7ed1,cd5df908-fd5d-4338-8c35-01a7b3bc9cfb,-0.12661232953974244,51.49945675381771,20.0,0.0,20.0
a8e98405-b336-3b50-9ac7-94a01b171556,cd5df908-fd5d-4338-8c35-01a7b3bc9cfb,-0.12642727046016083,51.49944694618196,20.0,0.0,20.0
efde9f34-11a2-33d9-b253-3800e365aaee,cd5df908-fd5d-4338-8c35-01a7b3bc9cfb,-0.12655129649189772,51.49945362459282,20.0,0.0,20.0
5357b62a-5d26-3034-a003-aa40f5a18863,cd5df908-fd5d-4338-8c35-01a7b3bc9cfb,-0.12648962500403152,51.49945049997402,20.0,0.0,20.0
64b96943-89ab-3057-b3e9-54187a9c36f3,cd5df908-fd5d-4338-8c35-01a7b3bc9cfb,-0.1263240098730831,51.499428795492086,20.0,0.0,20.0
c164c44e-f31a-374b-8174-f5c183a38918,cd5df908-fd5d-4338-8c35-01a7b3bc9cfb,-0.12634403943943948,51.49941108844119,20.0,0.0,20.0
68c76615-fc27-3cb0-b5d8-36cc0e2dc63e,ec5956c2-0ef0-48c0-8924-233ba496f9a6,-0.12565330534991068,51.49942969173261,20.0,0.0,20.0
7302072c-fcaa-3312-87cd-600012366876,ec5956c2-0ef0-48c0-8924-233ba496f9a6,-0.12562427063097323,51.49941585428162,28.0,0.0,28.0
a1848bb7-55db-32ca-9e92-2c110b9ce785,ec5956c2-0ef0-48c0-8924-233ba496f9a6,-0.12550865000001496,51.499412500000304,36.0,0.0,36.0
a1ecd424-9265-3a6a-9c48-7196031b9581,ec5956c2-0ef0-48c0-8924-233ba496f9a6,-0.1255096906894143,51.499412655947054,28.5,0.0,28.5
0c3cb572-dc09-3f8f-80c4-3a2351fc2547,ec5956c2-0ef0-48c0-8924-233ba496f9a6,-0.12549282122521474,51.499468457630805,28.0,0.0,28.0
db461e8a-7a1a-3e57-a705-8c94cc8085dc,ec5956c2-0ef0-48c0-8924-233ba496f9a6,-0.1257307022911244,51.49944045869807,24.0,0.0,24.0
6b518f9a-3b48-3a08-a7ff-d6143662e7cd,ec5956c2-0ef0-48c0-8924-233ba496f9a6,-0.1257313922427106,51.49944045552054,34.0,0.0,34.0
e47766b8-f14d-3cba-ad5a-732dc7f8be12,ec5956c2-0ef0-48c0-8924-233ba496f9a6,-0.12574640000002033,51.49947900000002,6.0,0.0,6.0
a023f387-1c72-337e-a21c-31a5c82788af,ec5956c2-0ef0-48c0-8924-233ba496f9a6,-0.12573685506788204,51.49947767972876,25.0,0.0,25.0
bac7b361-62ae-3830-afea-179cdc70023c,ec5956c2-0ef0-48c0-8924-233ba496f9a6,-0.125523061284525,51.49947290742295,28.0,0.0,28.0
199cd1a3-848a-3589-afb3-fc24956cd8ee,4e1fe087-7e28-4f60-8a8f-ec77c08e16ad,-0.1252951218893959,51.49950295346987,29.0,0.0,29.0
e039c307-e680-3932-a23a-34e537d14e75,4e1fe087-7e28-4f60-8a8f-ec77c08e16ad,-0.12529239117887428,51.49951195875367,20.0,0.0,20.0
ab561995-5620-3fdb-8d9b-b62540b7d8ed,ec5956c2-0ef0-48c0-8924-233ba496f9a6,-0.12533761836928428,51.49950784220311,20.0,0.0,20.0
941a791f-8450-32fd-9d54-02a8b1da3d80,ec5956c2-0ef0-48c0-8924-233ba496f9a6,-0.12547504344750068,51.4995232131995,28.5,0.0,28.5
62a680ab-4760-3415-b510-bca866c87207,ec5956c2-0ef0-48c0-8924-233ba496f9a6,-0.12547659658972263,51.499523085089784,36.0,0.0,36.0
91092e0d-52aa-3296-b2c5-e455bb3790ad,ec5956c2-0ef0-48c0-8924-233ba496f9a6,-0.1257348680928761,51.49952066602635,6.0,0.0,6.0
99f77901-976e-3de8-831b-1d55f246ea10,ec5956c2-0ef0-48c0-8924-233ba496f9a6,-0.12572555506788477,51.49951937972876,25.0,0.0,25.0
c2c486d1-25c6-307c-9fa0-91551e90007a,ec5956c2-0ef0-48c0-8924-233ba496f9a6,-0.12572085930172228,51.499497876597125,32.0,0.0,32.0
b7a3007e-d1a2-3b05-8e87-cdc69be32410,ec5956c2-0ef0-48c0-8924-233ba496f9a6,-0.12573041935948412,51.499498252290685,20.0,0.0,20.0
9c261580-27ed-3c8b-b8fd-a816badf4db3,cd5df908-fd5d-4338-8c35-01a7b3bc9cfb,-0.1267278999999207,51.49950125000022,26.0,0.0,26.0
b5842576-4104-3b46-81aa-d4ef278b6b26,ec5956c2-0ef0-48c0-8924-233ba496f9a6,-0.1256308677436634,51.499546318981366,20.0,0.0,20.0
c2a8a14d-b304-3d42-8bf6-a6ff85282161,ec5956c2-0ef0-48c0-8924-233ba496f9a6,-0.12569820277800323,51.49955434909308,24.0,0.0,24.0
60082d99-1e4b-3e2e-8efd-0d9cb40d2aa3,ec5956c2-0ef0-48c0-8924-233ba496f9a6,-0.12569839999986948,51.49955414999957,34.0,0.0,34.0
14e02946-9ccb-39e1-b393-289c0f01f393,ec5956c2-0ef0-48c0-8924-233ba496f9a6,-0.12575153442004602,51.49956403272694,17.0,0.0,17.0
0edc1024-d5c9-3e45-8c98-4c4e152defe9,c8f9e960-a70a-421a-bd32-abd08a3def09,-0.12571300000022168,51.49962014999993,6.0,0.0,6.0
594f8540-e7a2-390d-9c4c-4ca1a257b6f2,c8f9e960-a70a-421a-bd32-abd08a3def09,-0.12568235000014166,51.49972379999995,6.0,0.0,6.0
a3d5079e-b6c9-34ae-8a96-ff5c3aa74cc4,4c97bee5-4f9b-41a1-a215-77a65420724d,-0.1254214499999305,51.49971535000002,36.0,0.0,36.0
027d50a9-a37e-3740-aa33-0f767f9784e6,c8f9e960-a70a-421a-bd32-abd08a3def09,-0.12571908415126296,51.499676249463285,17.0,0.0,17.0
628a33f1-e32f-3030-99aa-36bec9898141,c8f9e960-a70a-421a-bd32-abd08a3def09,-0.12565339999636987,51.49966900000583,15.0,0.0,15.0
575b8fe1-9598-33e6-9407-5bbd8946a81d,358eb2c0-fa53-4607-a2cb-c2c4ba4e60a9,-0.12476403692371542,51.49969197311006,37.0,0.0,37.0
5b619d7a-3620-3443-b322-efa0ffcdc399,358eb2c0-fa53-4607-a2cb-c2c4ba4e60a9,-0.12481472694332583,51.499695694932086,37.0,0.0,37.0
ee4dc8fc-e832-3d6f-ad16-92915c951e28,358eb2c0-fa53-4607-a2cb-c2c4ba4e60a9,-0.12480760000000737,51.49973570000002,37.0,0.0,37.0
98ed4d0b-8b09-32d4-bb0f-4344d77ab01b,358eb2c0-fa53-4607-a2cb-c2c4ba4e60a9,-0.12475692674769204,51.49973194489045,37.0,0.0,37.0
d09e9ed9-7d4c-3a45-8695-a0244c55a7fb,358eb2c0-fa53-4607-a2cb-c2c4ba4e60a9,-0.12477986427162616,51.49975511093789,15.0,0.0,15.0
ae3cb233-7a65-3c85-b1d1-3d9a045133a5,358eb2c0-fa53-4607-a2cb-c2c4ba4e60a9,-0.12450989952068786,51.499720204006124,15.0,0.0,15.0
a3bbe6ca-00ad-3a2f-8f61-fa8cae380994,358eb2c0-fa53-4607-a2cb-c2c4ba4e60a9,-0.12478587691264797,51.49971369371843,35.0,0.0,35.0
8d38bb77-139a-3f84-a872-c947eca536d3,358eb2c0-fa53-4607-a2cb-c2c4ba4e60a9,-0.12478581645436625,51.49971381679768,32.0,0.0,32.0
f592cc61-7272-3b72-b142-4047e1997212,358eb2c0-fa53-4607-a2cb-c2c4ba4e60a9,-0.12467620421016953,51.49970345623522,28.0,0.0,28.0
b3a28761-ae13-37cf-9546-5f7c308acd4e,358eb2c0-fa53-4607-a2cb-c2c4ba4e60a9,-0.12440866259642565,51.49972652537976,15.0,0.0,15.0
872cccd3-f4d8-339e-8a32-a86da80d4baa,358eb2c0-fa53-4607-a2cb-c2c4ba4e60a9,-0.12396664033208293,51.49973738510166,25.5,0.0,25.5
458d372b-2339-34de-b5c9-5d2ae9fb1bc9,358eb2c0-fa53-4607-a2cb-c2c4ba4e60a9,-0.12397831114291748,51.499685713281984,39.0,0.0,39.0
8a16d68c-c4e3-34db-bb73-fefec21e27b8,358eb2c0-fa53-4607-a2cb-c2c4ba4e60a9,-0.12405316926007906,51.49969317274118,37.0,0.0,37.0
c3b88742-292e-3729-998b-8e805611b7fc,358eb2c0-fa53-4607-a2cb-c2c4ba4e60a9,-0.12412137810720836,51.499696141362946,39.0,0.0,39.0
f876094e-8811-3324-a91e-d3899ee381be,358eb2c0-fa53-4607-a2cb-c2c4ba4e60a9,-0.12434765405378469,51.499678270781004,27.0,0.0,27.0
79ea54bd-04c9-3221-940f-df2661ad0a61,358eb2c0-fa53-4607-a2cb-c2c4ba4e60a9,-0.12413908279395257,51.499662737028956,37.0,0.0,37.0
3656af31-8a96-31df-a270-b3011ae1d200,358eb2c0-fa53-4607-a2cb-c2c4ba4e60a9,-0.12443526391471195,51.499642091927235,10.0,0.0,10.0
cc4f3a98-37c4-39d3-8555-e28356f5bd17,358eb2c0-fa53-4607-a2cb-c2c4ba4e60a9,-0.12398638161383922,51.49965084063322,37.0,0.0,37.0
1f0ac2f0-93cd-3c28-976a-83313acc4744,358eb2c0-fa53-4607-a2cb-c2c4ba4e60a9,-0.12397859266293138,51.49965035476861,24.0,0.0,24.0
505b6dda-4383-3dce-9ddf-9522c57e41f8,358eb2c0-fa53-4607-a2cb-c2c4ba4e60a9,-0.12406313558856104,51.49965610276438,36.0,0.0,36.0
ae651a48-d0f7-3eed-9de9-45243b12fec4,358eb2c0-fa53-4607-a2cb-c2c4ba4e60a9,-0.12413555707510608,51.49962699475087,39.0,0.0,39.0
315f9c38-d44c-3322-bfc1-587229b6a740,358eb2c0-fa53-4607-a2cb-c2c4ba4e60a9,-0.12406754288570572,51.49961897456842,37.0,0.0,37.0
3452f980-36c0-37a5-a1b8-3a6cb74d12cb,358eb2c0-fa53-4607-a2cb-c2c4ba4e60a9,-0.12399132367985827,51.49961679909668,39.0,0.0,39.0
7106e8fc-773f-3528-9896-97bcbaa8a17e,358eb2c0-fa53-4607-a2cb-c2c4ba4e60a9,-0.12417541973166263,51.49960872486194,20.0,0.0,20.0
69bbe7b4-4fad-3db1-99ca-4e101693f182,b0aa5388-df2e-410e-9d5b-81643e6b9635,-0.12507843834810664,51.49962485638318,10.0,0.0,10.0
7f31ca42-ea7f-3ddb-ac3a-5a9e3756baaf,358eb2c0-fa53-4607-a2cb-c2c4ba4e60a9,-0.12479850501464516,51.49955311099038,10.0,0.0,10.0
17730f51-9051-3013-94ca-402bdb40cf2d,358eb2c0-fa53-4607-a2cb-c2c4ba4e60a9,-0.12469267755730302,51.49954269310284,27.0,0.0,27.0
dac0099c-80e0-398d-b140-9dbb1b2ef54b,358eb2c0-fa53-4607-a2cb-c2c4ba4e60a9,-0.1245856864354377,51.49954967393889,10.0,0.0,10.0
0721b4f9-7a7f-345d-b88d-1873f692ff69,358eb2c0-fa53-4607-a2cb-c2c4ba4e60a9,-0.12430381303142955,51.499529114087075,10.0,0.0,10.0
b320b700-5a78-37a3-9b5e-dc957b3f1931,358eb2c0-fa53-4607-a2cb-c2c4ba4e60a9,-0.12420061400784371,51.499550069064576,26.0,0.0,26.0
d9ded508-3433-3364-adea-4c5e94dcebd1,358eb2c0-fa53-4607-a2cb-c2c4ba4e60a9,-0.12400087750873753,51.49956232240013,29.5,0.0,29.5
6f79c89c-48d2-3438-b7cf-7c9dbb9c6140,358eb2c0-fa53-4607-a2cb-c2c4ba4e60a9,-0.12396246746443997,51.49997888608723,24.0,0.0,24.0
835f2acc-f7e7-3d3b-97a7-e8f8b06db221,358eb2c0-fa53-4607-a2cb-c2c4ba4e60a9,-0.12392100948589513,51.49997610656176,25.5,0.0,25.5
4b610c55-3a83-3daf-8e89-b8865fd49929,358eb2c0-fa53-4607-a2cb-c2c4ba4e60a9,-0.12445977623616196,51.49993527293055,10.0,0.0,10.0
c9932b7a-bd99-30c5-a20a-2aa61ae4db3c,358eb2c0-fa53-4607-a2cb-c2c4ba4e60a9,-0.12408803239479395,51.4999566630541,24.0,0.0,24.0
6d1b9e3a-35bc-3772-ad73-7581ee6b2f3b,358eb2c0-fa53-4607-a2cb-c2c4ba4e60a9,-0.12460377442469737,51.499989434883915,28.0,0.0,28.0
650b14db-5671-3110-9b6d-039eb53e2ea1,358eb2c0-fa53-4607-a2cb-c2c4ba4e60a9,-0.1247578303564179,51.49997605483502,10.0,0.0,10.0
db38d4c5-b21e-33b7-93b7-84df12454700,b0aa5388-df2e-410e-9d5b-81643e6b9635,-0.12513944522386503,51.49996915200109,5.0,0.0,5.0
1fcf3082-d418-3763-8188-346dc68aca98,358eb2c0-fa53-4607-a2cb-c2c4ba4e60a9,-0.12481466908790669,51.49995165102846,10.0,0.0,10.0
8b5e268b-e04a-37d9-8fd5-fa930f4cb42f,358eb2c0-fa53-4607-a2cb-c2c4ba4e60a9,-0.12469247832435812,51.49995300602331,27.0,0.0,27.0
f4746525-d731-3678-b57a-7876c8140d7a,358eb2c0-fa53-4607-a2cb-c2c4ba4e60a9,-0.12452548582291538,51.4999441892466,27.0,0.0,27.0
e6e9aae2-8368-3e74-bb0c-05601170c4d1,358eb2c0-fa53-4607-a2cb-c2c4ba4e60a9,-0.12420992691906901,51.49990390588429,20.0,0.0,20.0
c11f9c8f-2eba-3d8a-ab8d-fa4849657ed4,358eb2c0-fa53-4607-a2cb-c2c4ba4e60a9,-0.1244162565645801,51.49992024977435,10.0,0.0,10.0
ec276787-c9b3-3cdf-af55-d94c9f7b32ab,358eb2c0-fa53-4607-a2cb-c2c4ba4e60a9,-0.12393065640076041,51.499928826566766,25.5,0.0,25.5
430a9ed9-fe53-31e4-86dd-28f02657b8d0,358eb2c0-fa53-4607-a2cb-c2c4ba4e60a9,-0.12393966844148269,51.499881160522094,25.5,0.0,25.5
23ae55d3-e282-34b2-9f3c-274749a781b9,358eb2c0-fa53-4607-a2cb-c2c4ba4e60a9,-0.12394851675679958,51.49983193123974,25.5,0.0,25.5
b4ac87e8-ad04-3706-a9be-658f2fd9ddf3,358eb2c0-fa53-4607-a2cb-c2c4ba4e60a9,-0.12395914639585791,51.49978130698214,25.5,0.0,25.5
13d045bf-1c09-39ac-b949-08b661905efd,358eb2c0-fa53-4607-a2cb-c2c4ba4e60a9,-0.12484304824790013,51.49977501744466,24.0,0.0,24.0
0cd566e7-cc04-3c58-98bb-43514bf685d9,b0aa5388-df2e-410e-9d5b-81643e6b9635,-0.12501948974627472,51.499817246029714,10.0,0.0,10.0
4741edb2-3656-3409-b1f0-476aee26e126,b0aa5388-df2e-410e-9d5b-81643e6b9635,-0.12509997610675166,51.49980395303499,16.0,0.0,16.0
d46632ff-43a8-32ce-a929-e7e1fa2d6758,4c97bee5-4f9b-41a1-a215-77a65420724d,-0.1252116561547048,51.499840062751296,16.0,0.0,16.0
7d1aa497-40e6-341f-bbfa-362815b19aeb,4c97bee5-4f9b-41a1-a215-77a65420724d,-0.12538005286732493,51.49985869349445,28.0,0.0,28.0
52ebc038-c1f3-3245-9fa1-393422651f87,c8f9e960-a70a-421a-bd32-abd08a3def09,-0.12559409908626626,51.499876280930955,15.0,0.0,15.0
fa978b8a-f5f4-305b-a570-6fd4d424fcd2,4c97bee5-4f9b-41a1-a215-77a65420724d,-0.12554976451876176,51.49987117337555,16.0,0.0,16.0
ac811630-a838-3a01-ac32-c2be42b49131,c8f9e960-a70a-421a-bd32-abd08a3def09,-0.12565174393711867,51.49982932533978,6.0,0.0,6.0
b407e091-ea42-3568-a544-927f7a7744f4,c8f9e960-a70a-421a-bd32-abd08a3def09,-0.12560288050317592,51.49984541351418,10.0,0.0,10.0
cb891d56-31e7-305c-a3a4-7afef0aa7105,c8f9e960-a70a-421a-bd32-abd08a3def09,-0.12562268097702878,51.499776399322485,15.0,0.0,15.0
034eb408-ff7d-3cba-9129-b26fdbe50ffb,c8f9e960-a70a-421a-bd32-abd08a3def09,-0.12568824339946183,51.49978389998295,17.0,0.0,17.0
3e287705-7041-3ecd-bc80-789fc5613979,a90765bf-414c-4d9f-bd98-06bb0f689e6d,-0.12652127202634977,51.499765130585956,5.0,0.0,5.0
36e181e5-bacd-3058-9fc7-58d3187d548f,a90765bf-414c-4d9f-bd98-06bb0f689e6d,-0.12671438566273788,51.499883622150094,11.0,0.0,11.0
28fb3b15-1fc8-3d0e-8e25-71146aad82be,a90765bf-414c-4d9f-bd98-06bb0f689e6d,-0.12669453705838116,51.499884078094055,16.0,0.0,16.0
992b527b-6373-3039-a68e-992a71761805,c8f9e960-a70a-421a-bd32-abd08a3def09,-0.12565960872130877,51.49988380054252,17.0,0.0,17.0
62ff798d-736c-3585-ab70-82cb2ab61b00,c8f9e960-a70a-421a-bd32-abd08a3def09,-0.12562282134362396,51.49992995913069,6.0,0.0,6.0
693b24a0-0986-3799-945f-d8c89ec01d72,c8f9e960-a70a-421a-bd32-abd08a3def09,-0.12556664917142632,51.499971630868046,15.0,0.0,15.0
a53dd972-0f88-3ae4-8018-9420d11d9654,c8f9e960-a70a-421a-bd32-abd08a3def09,-0.12563224090533806,51.49997914938471,17.0,0.0,17.0
81a4601d-932c-3bf1-adbe-07edf6343d90,a90765bf-414c-4d9f-bd98-06bb0f689e6d,-0.1269302444312589,51.49997530453298,36.0,0.0,36.0
c41589c7-094c-3a42-977f-b7957c93fc8a,a90765bf-414c-4d9f-bd98-06bb0f689e6d,-0.12703962501024751,51.49997460886614,36.0,0.0,36.0
2d860a95-1bab-39ee-93a6-c54f159c435b,a90765bf-414c-4d9f-bd98-06bb0f689e6d,-0.12704196898477968,51.49988098629437,5.0,0.0,5.0
bc567d96-2c15-3ded-b186-10f918efbda5,cd5df908-fd5d-4338-8c35-01a7b3bc9cfb,-0.12719062340883378,51.49970660345614,20.0,0.0,20.0
1f34ca6c-0fba-38a7-98b0-33e541cf17e1,cd5df908-fd5d-4338-8c35-01a7b3bc9cfb,-0.12735955783620492,51.4997162537282,20.0,0.0,20.0
6269d6cc-7423-30b2-bfae-b39376d61c43,cd5df908-fd5d-4338-8c35-01a7b3bc9cfb,-0.12745997101656142,51.49972192664274,20.0,0.0,20.0
be389b79-503d-3bc4-a7bb-61a6a5afb112,cd5df908-fd5d-4338-8c35-01a7b3bc9cfb,-0.12748925853061585,51.49969141725836,25.0,0.0,25.0
1a25ae8e-a340-30c9-bd6b-2860251b2fb1,14f1b736-a152-4681-b273-ca181b362e80,-0.12751785130651985,51.49969299137284,10.0,0.0,10.0
531fe9d3-83ec-3ce0-b63e-49fff9a1cc45,cd5df908-fd5d-4338-8c35-01a7b3bc9cfb,-0.12750543147520255,51.49969236155608,20.0,0.0,20.0
ce70381a-eb7d-35b6-86a1-8249494d6a3b,cd5df908-fd5d-4338-8c35-01a7b3bc9cfb,-0.12751178752667247,51.49969272944094,15.0,0.0,15.0
b0e1e24e-de2f-376b-8ca8-eec26a6f89d2,cd5df908-fd5d-4338-8c35-01a7b3bc9cfb,-0.12714361499498072,51.49967238169157,35.0,0.0,35.0
d933fe66-77e1-34f3-b77e-f11241ed4313,cd5df908-fd5d-4338-8c35-01a7b3bc9cfb,-0.12728150662140278,51.49966948776877,44.0,0.0,44.0
16bc2c59-a29f-3abf-a479-70647da58db1,cd5df908-fd5d-4338-8c35-01a7b3bc9cfb,-0.1273646487191506,51.49968474770101,47.0,0.0,47.0
2f493244-89a8-3a01-afb8-fe8f9557c843,cd5df908-fd5d-4338-8c35-01a7b3bc9cfb,-0.12741402999979196,51.49968792436362,35.0,0.0,35.0
35c3ef9e-b145-33b4-b740-a3ac53d45be3,cd5df908-fd5d-4338-8c35-01a7b3bc9cfb,-0.1274117587182289,51.49970209423878,9.0,0.0,9.0
2140201b-5058-3642-a347-deb7dffe788d,cd5df908-fd5d-4338-8c35-01a7b3bc9cfb,-0.12746392448083052,51.49969585340723,30.0,0.0,30.0
acde3c94-7f29-3006-b12a-d5d7858c1c41,cd5df908-fd5d-4338-8c35-01a7b3bc9cfb,-0.12746576230027418,51.499696842325115,40.0,0.0,40.0
cf483af1-7d53-3c31-b929-b5a135ba0bc6,cd5df908-fd5d-4338-8c35-01a7b3bc9cfb,-0.1273627121087234,51.49969484502743,36.0,0.0,36.0
24d227fc-c4fa-3d97-a2d8-c992addb29e2,cd5df908-fd5d-4338-8c35-01a7b3bc9cfb,-0.12727768892774624,51.49969454340438,15.0,0.0,15.0
f509ca20-c50c-3c21-a5ae-b5c8476f2947,cd5df908-fd5d-4338-8c35-01a7b3bc9cfb,-0.12727752226865607,51.49968785623326,7.0,0.0,7.0
c33d54a8-d36e-34b2-bfec-317dc95f1e63,cd5df908-fd5d-4338-8c35-01a7b3bc9cfb,-0.12719390143048992,51.499685183370204,36.0,0.0,36.0
a22417f9-9f27-3017-82ff-203ddccab995,cd5df908-fd5d-4338-8c35-01a7b3bc9cfb,-0.12714133795708285,51.499686777980514,9.0,0.0,9.0
193d8abb-eb50-303b-9f56-7ff49c7b8bc1,cd5df908-fd5d-4338-8c35-01a7b3bc9cfb,-0.12727934802623492,51.49968084103451,34.0,0.0,34.0
8db72a18-8d9c-346a-ab4d-315a1748699c,cd5df908-fd5d-4338-8c35-01a7b3bc9cfb,-0.127277946208347,51.49968642050108,21.0,0.0,21.0
a1120a2f-711b-3f2c-91ef-0577b07b5d78,cd5df908-fd5d-4338-8c35-01a7b3bc9cfb,-0.12727846652754718,51.499682323891975,17.0,0.0,17.0
d5734a3a-4039-333a-8317-a911ee9845c1,cd5df908-fd5d-4338-8c35-01a7b3bc9cfb,-0.12719393910449328,51.499674940858824,47.0,0.0,47.0
5fe2ef82-fa85-3f9d-8d9a-bdea7dda1aaa,cd5df908-fd5d-4338-8c35-01a7b3bc9cfb,-0.12708920073697294,51.4996749362057,40.0,0.0,40.0
425576c0-f232-301b-9d79-85b1fd7cd721,cd5df908-fd5d-4338-8c35-01a7b3bc9cfb,-0.12708584999989256,51.49970065000043,20.0,0.0,20.0
b538e841-6850-3e4c-8ecb-aa4e5340c2b9,cd5df908-fd5d-4338-8c35-01a7b3bc9cfb,-0.12703880000018727,51.49966574999974,10.0,0.0,10.0
0ccadc53-0627-3c29-b52b-c15b265a9961,cd5df908-fd5d-4338-8c35-01a7b3bc9cfb,-0.12704405000018257,51.499666049999746,15.0,0.0,15.0
7f24c9a4-f986-3b9a-8408-9e70a89c53bc,cd5df908-fd5d-4338-8c35-01a7b3bc9cfb,-0.12705019517087868,51.499666430637674,20.0,0.0,20.0
66350f56-6270-3e79-bab2-c5dcec5fe202,cd5df908-fd5d-4338-8c35-01a7b3bc9cfb,-0.1270897745718121,51.49967448778171,30.0,0.0,30.0
91d54d07-4f37-33d2-8e23-ab909c1ebe22,cd5df908-fd5d-4338-8c35-01a7b3bc9cfb,-0.1270663026113974,51.499667297255094,25.0,0.0,25.0
0f88c533-1881-3096-a915-af8f01725798,cd5df908-fd5d-4338-8c35-01a7b3bc9cfb,-0.12748250026483007,51.49962705295736,36.0,0.0,36.0
f113a22c-46c7-3710-85bd-7ea872a54f11,cd5df908-fd5d-4338-8c35-01a7b3bc9cfb,-0.12728779165096502,51.49961540089856,37.0,0.0,37.0
5afc521e-f53d-35d4-9ae8-a8fa85f83027,cd5df908-fd5d-4338-8c35-01a7b3bc9cfb,-0.12704927281494413,51.49960136389467,10.0,0.0,10.0
c15f7ff4-9f46-3caa-bc17-3f88823fa92f,cd5df908-fd5d-4338-8c35-01a7b3bc9cfb,-0.1270629500001235,51.49960209999985,20.0,0.0,20.0
b52be082-a55b-3f4a-acf3-0f05b2f399a6,cd5df908-fd5d-4338-8c35-01a7b3bc9cfb,-0.12709320701516238,51.49960379224004,36.0,0.0,36.0
edc89ac7-114e-3993-9b39-1f6d1648ab5f,cd5df908-fd5d-4338-8c35-01a7b3bc9cfb,-0.12707520000002323,51.49960280000011,25.0,0.0,25.0
33cff5e2-aa6d-3c76-ae2d-a0fbfd1bee28,cd5df908-fd5d-4338-8c35-01a7b3bc9cfb,-0.12705602714427466,51.4996016869338,15.0,0.0,15.0
fde4321d-307d-3f93-a156-371ff82215e5,cd5df908-fd5d-4338-8c35-01a7b3bc9cfb,-0.1269292499999963,51.499566850000164,26.0,0.0,26.0
4ac2bf29-67ea-3ac3-accb-1b6f9d245063,cd5df908-fd5d-4338-8c35-01a7b3bc9cfb,-0.12686724999994517,51.49954790000019,26.0,0.0,26.0
920b6719-d37c-3156-9b74-5ca93b886053,cd5df908-fd5d-4338-8c35-01a7b3bc9cfb,-0.1269948447061356,51.49955368316431,26.0,0.0,26.0
f902e979-17c1-30ed-8cdd-192c09b0d720,cd5df908-fd5d-4338-8c35-01a7b3bc9cfb,-0.12710267198162828,51.49955100536263,36.0,0.0,36.0
79931238-6798-3c99-aea7-6525b09d347e,cd5df908-fd5d-4338-8c35-01a7b3bc9cfb,-0.12708985000015963,51.499550249999764,25.0,0.0,25.0
a9c5a3b2-5597-3e7f-bd99-e0c14fda6919,cd5df908-fd5d-4338-8c35-01a7b3bc9cfb,-0.12729655729702513,51.49956223891745,37.0,0.0,37.0
f6cc93f6-a33e-3f28-861f-9dbcc5f3f41c,cd5df908-fd5d-4338-8c35-01a7b3bc9cfb,-0.12729740578500137,51.499563101716184,43.0,0.0,43.0
6d5ec6e5-9332-3c1e-9cf8-eb9099f58866,cd5df908-fd5d-4338-8c35-01a7b3bc9cfb,-0.12715002302559902,51.4995724141427,23.0,0.0,23.0
262cab16-e5dd-3298-a53c-79a18998a2fa,cd5df908-fd5d-4338-8c35-01a7b3bc9cfb,-0.12743793547546317,51.49958866006967,23.0,0.0,23.0
41d553e6-5783-3d27-80ba-1d52344a6c58,cd5df908-fd5d-4338-8c35-01a7b3bc9cfb,-0.12752295000015923,51.49957534999978,20.0,0.0,20.0
98dbb1ce-2bfd-31b6-8921-5ada54f64b1a,14f1b736-a152-4681-b273-ca181b362e80,-0.12752903125860093,51.499575709346644,15.0,0.0,15.0
b08ae153-f8db-3540-8fa6-1c50969eeaef,cd5df908-fd5d-4338-8c35-01a7b3bc9cfb,-0.12749012499706427,51.499573453535334,36.0,0.0,36.0
d81e334f-8541-37a4-afb6-3c484c643051,cd5df908-fd5d-4338-8c35-01a7b3bc9cfb,-0.12753445000017688,51.49957604999977,10.0,0.0,10.0
6692a3ce-527e-30d6-81e1-4063c8d5b8dd,cd5df908-fd5d-4338-8c35-01a7b3bc9cfb,-0.12750956016873538,51.49957457851358,25.0,0.0,25.0
e729c8b1-0f60-3947-b631-101c06d935b6,cd5df908-fd5d-4338-8c35-01a7b3bc9cfb,-0.12781680410054666,51.49956857831953,20.0,0.0,20.0
037079e9-f8fe-3886-8ef1-76b9dff7143a,14f1b736-a152-4681-b273-ca181b362e80,-0.12781627171546103,51.49957170113384,15.0,0.0,15.0
332c8cec-76b0-3015-afda-7c3fc3d915e2,cd5df908-fd5d-4338-8c35-01a7b3bc9cfb,-0.1278157770956921,51.49957492633618,10.0,0.0,10.0
719cd953-73f3-3e06-a111-6ac2e6a039fc,cd5df908-fd5d-4338-8c35-01a7b3bc9cfb,-0.12773247172438001,51.4995700010704,10.0,0.0,10.0
87bb4355-97b0-33ff-953f-948c767220a1,cd5df908-fd5d-4338-8c35-01a7b3bc9cfb,-0.12773294999984577,51.499566800000466,15.0,0.0,15.0
97a6c8e0-6f44-30ac-a154-18bccc0bcd56,cd5df908-fd5d-4338-8c35-01a7b3bc9cfb,-0.1277334283744506,51.49956364897533,20.0,0.0,20.0
ab2c6b8b-cf36-3847-bb7e-fd9441e33dfd,cd5df908-fd5d-4338-8c35-01a7b3bc9cfb,-0.1278182000001574,51.499559049999974,25.0,0.0,25.0
8ff0fc61-0cb2-3f28-bc01-1cecf956d997,cd5df908-fd5d-4338-8c35-01a7b3bc9cfb,-0.12765222830526646,51.4995594707639,20.0,0.0,20.0
32481b28-ba8f-351b-b1ad-cc851478d99a,14f1b736-a152-4681-b273-ca181b362e80,-0.12765137802729948,51.49956564884228,10.0,0.0,10.0
b00846c3-57a5-371c-9bf3-de58c49401c7,14f1b736-a152-4681-b273-ca181b362e80,-0.12765182168095332,51.499562601018575,15.0,0.0,15.0
9ce0c777-1e50-3a6c-992f-3dfdad9d2c4c,14f1b736-a152-4681-b273-ca181b362e80,-0.12756869999984713,51.499561000000426,10.0,0.0,10.0
eb344365-4786-3597-98f1-06028c7a9955,14f1b736-a152-4681-b273-ca181b362e80,-0.12756917197321355,51.49955775115289,15.0,0.0,15.0
77aae628-a060-3d8e-b716-f7a12090f2c7,cd5df908-fd5d-4338-8c35-01a7b3bc9cfb,-0.12756962821440512,51.49955464894047,20.0,0.0,20.0
8804ce12-4e05-3468-9e1c-c4d0271a204e,cd5df908-fd5d-4338-8c35-01a7b3bc9cfb,-0.12765368361919832,51.49954973314282,25.0,0.0,25.0
8cdcd04e-4d40-3644-97d0-d82e5f32f0bd,cd5df908-fd5d-4338-8c35-01a7b3bc9cfb,-0.12757100000014718,51.499545099999985,25.0,0.0,25.0
59e80edb-7628-3061-a617-fa7eb2753638,cd5df908-fd5d-4338-8c35-01a7b3bc9cfb,-0.12749701223644871,51.49952605545431,36.0,0.0,36.0
bedefc87-d303-3244-9edb-a66df457af19,cd5df908-fd5d-4338-8c35-01a7b3bc9cfb,-0.12757297665134257,51.49953120547912,36.0,0.0,36.0
9c6f53d2-1b19-3795-8359-66ad1c9696cc,cd5df908-fd5d-4338-8c35-01a7b3bc9cfb,-0.12765564994653109,51.49953581973843,36.0,0.0,36.0
46517483-9a24-333f-a521-71074f5b85f6,cd5df908-fd5d-4338-8c35-01a7b3bc9cfb,-0.1277369029670999,51.4995402501674,36.0,0.0,36.0
d720dba1-df03-3b46-ad47-52fa96792f09,cd5df908-fd5d-4338-8c35-01a7b3bc9cfb,-0.12782029075549095,51.49954514949172,36.0,0.0,36.0
d6fe8003-22e1-3921-b5b8-c6a9833a9938,cd5df908-fd5d-4338-8c35-01a7b3bc9cfb,-0.12773485000013532,51.49955410000003,25.0,0.0,25.0
7c16bb98-3f8f-3b04-ace4-9426a565f56f,cd5df908-fd5d-4338-8c35-01a7b3bc9cfb,-0.12790264948754743,51.4995498034044,36.0,0.0,36.0
5a3858b5-689b-3b6d-a731-5a405f2ff5de,cd5df908-fd5d-4338-8c35-01a7b3bc9cfb,-0.12798494311753622,51.4995544479313,36.0,0.0,36.0
5be7567b-906f-39fe-8631-d8144600d843,cd5df908-fd5d-4338-8c35-01a7b3bc9cfb,-0.12815475045804872,51.499563999775,36.0,0.0,36.0
2997e1b9-382a-3388-ad74-72a0c266f36f,cd5df908-fd5d-4338-8c35-01a7b3bc9cfb,-0.1280737309432205,51.49955945174351,36.0,0.0,36.0
04a00c39-671c-392c-bdb7-30ac40fe9e8d,cd5df908-fd5d-4338-8c35-01a7b3bc9cfb,-0.1279006265646812,51.49956369360311,25.0,0.0,25.0
30d1e71e-6cda-3aa5-be0d-1b9ac647b8f1,cd5df908-fd5d-4338-8c35-01a7b3bc9cfb,-0.1279828265887901,51.49956834404686,25.0,0.0,25.0
044ea097-7c0f-32f4-8c1b-56c37ade0d08,cd5df908-fd5d-4338-8c35-01a7b3bc9cfb,-0.1279813709986044,51.49957775082278,20.0,0.0,20.0
992c92f0-ca42-3d1b-8694-6b43fdc92042,cd5df908-fd5d-4338-8c35-01a7b3bc9cfb,-0.12789874999985243,51.49957635000041,15.0,0.0,15.0
9e51acc4-5f97-3daa-b2da-f25d34556517,cd5df908-fd5d-4338-8c35-01a7b3bc9cfb,-0.12789916604146315,51.49957322275537,20.0,0.0,20.0
87bdaa06-66ba-3e51-92a4-f75a447c5954,cd5df908-fd5d-4338-8c35-01a7b3bc9cfb,-0.12789827979649174,51.49957953984548,10.0,0.0,10.0
a462ba15-9466-3b3c-86e4-58c125cdac71,cd5df908-fd5d-4338-8c35-01a7b3bc9cfb,-0.12798039999982794,51.4995841500005,10.0,0.0,10.0
03a1d1cb-4048-35a1-b442-a9e0d02a671d,cd5df908-fd5d-4338-8c35-01a7b3bc9cfb,-0.12798089999982237,51.49958085000049,15.0,0.0,15.0
c7caa674-52ab-3832-a9f8-e41f88ac64be,cd5df908-fd5d-4338-8c35-01a7b3bc9cfb,-0.12807170000012408,51.49957330000003,25.0,0.0,25.0
f1a58cf6-6d60-34bb-84fb-ff30ae16d715,cd5df908-fd5d-4338-8c35-01a7b3bc9cfb,-0.1281528000001484,51.49957789999996,25.0,0.0,25.0
353a1a82-a55f-3479-a261-2d3a750d1e89,cd5df908-fd5d-4338-8c35-01a7b3bc9cfb,-0.12815144999985933,51.499587450000405,20.0,0.0,20.0
e4cf0b13-9466-35f0-835a-4b2482187c1f,cd5df908-fd5d-4338-8c35-01a7b3bc9cfb,-0.12806989999983634,51.49958595000046,15.0,0.0,15.0
57278ab1-23fd-3770-a166-604d0c13ce1f,cd5df908-fd5d-4338-8c35-01a7b3bc9cfb,-0.12806939999983755,51.49958920000045,10.0,0.0,10.0
c70d7c13-ffa4-3a1d-b563-452681f14246,cd5df908-fd5d-4338-8c35-01a7b3bc9cfb,-0.12807034999984654,51.49958280000046,20.0,0.0,20.0
99768595-97be-3c23-b117-06d02e9d3cef,cd5df908-fd5d-4338-8c35-01a7b3bc9cfb,-0.12815059999986408,51.4995937000004,10.0,0.0,10.0
d4d7e4e6-9c22-322d-bf06-7b065e154ade,cd5df908-fd5d-4338-8c35-01a7b3bc9cfb,-0.12815104999986277,51.4995905000004,15.0,0.0,15.0
af14696b-61f6-3bb8-87fe-6bbd0aca67d8,cd5df908-fd5d-4338-8c35-01a7b3bc9cfb,-0.12750197349987163,51.49962815444549,25.0,0.0,25.0
ebef706c-0417-3d1e-97c8-c393a2f2c9a7,cd5df908-fd5d-4338-8c35-01a7b3bc9cfb,-0.1275154500001264,51.49962889999982,20.0,0.0,20.0
4c7b949d-18f2-3013-9b48-1297985e7f6b,cd5df908-fd5d-4338-8c35-01a7b3bc9cfb,-0.12752145000013024,51.49962924999981,15.0,0.0,15.0
799348b7-9cae-3c68-ba4d-cf6d47195a16,cd5df908-fd5d-4338-8c35-01a7b3bc9cfb,-0.12752671938633944,51.49962958194188,10.0,0.0,10.0
3c3048e0-8c90-316e-a840-c0482ddb2fb1,cd5df908-fd5d-4338-8c35-01a7b3bc9cfb,-0.12823474999982287,51.49959840000049,10.0,0.0,10.0
12674b27-30a7-31dc-877e-264faadc0ff3,cd5df908-fd5d-4338-8c35-01a7b3bc9cfb,-0.12823524999981967,51.499595200000506,15.0,0.0,15.0
449153ac-c205-3026-85b9-b5659c6f800b,cd5df908-fd5d-4338-8c35-01a7b3bc9cfb,-0.1282357499998145,51.49959215000049,20.0,0.0,20.0
c470fe30-01fb-356d-a3ff-6eb140c794e2,cd5df908-fd5d-4338-8c35-01a7b3bc9cfb,-0.12823720000012007,51.49958265000006,25.0,0.0,25.0
d9a808f3-a9c3-35f4-8c6c-1a60b3d8e977,cd5df908-fd5d-4338-8c35-01a7b3bc9cfb,-0.12823928856541275,51.49956879932459,36.0,0.0,36.0
